#
# There is insufficient memory for the Java Runtime Environment to continue.
# Native memory allocation (malloc) failed to allocate 194496 bytes. Error detail: Chunk::new
# Possible reasons:
#   The system is out of physical RAM or swap space
#   This process is running with CompressedOops enabled, and the Java Heap may be blocking the growth of the native heap
# Possible solutions:
#   Reduce memory load on the system
#   Increase physical memory or swap space
#   Check if swap backing store is full
#   Decrease Java heap size (-Xmx/-Xms)
#   Decrease number of Java threads
#   Decrease Java thread stack sizes (-Xss)
#   Set larger code cache with -XX:ReservedCodeCacheSize=
#   JVM is running with Zero Based Compressed Oops mode in which the Java heap is
#     placed in the first 32GB address space. The Java Heap base address is the
#     maximum limit for the native heap growth. Please use -XX:HeapBaseMinAddress
#     to set the Java Heap base and to place the Java Heap above 32GB virtual address.
# This output file may be truncated or incomplete.
#
#  Out of Memory Error (arena.cpp:168), pid=103388, tid=44116
#
# JRE version: OpenJDK Runtime Environment (21.0.10) (build 21.0.10+-14961533-b1163.108)
# Java VM: OpenJDK 64-Bit Server VM (21.0.10+-14961533-b1163.108, mixed mode, tiered, compressed oops, compressed class ptrs, g1 gc, windows-amd64)
# No core dump will be written. Minidumps are not enabled by default on client versions of Windows
#

---------------  S U M M A R Y ------------

Command Line: --add-opens=java.base/java.lang=ALL-UNNAMED --add-opens=java.base/java.lang.invoke=ALL-UNNAMED --add-opens=java.base/java.util=ALL-UNNAMED --add-opens=java.prefs/java.util.prefs=ALL-UNNAMED --add-exports=jdk.compiler/com.sun.tools.javac.api=ALL-UNNAMED --add-exports=jdk.compiler/com.sun.tools.javac.util=ALL-UNNAMED --add-opens=java.base/java.util=ALL-UNNAMED --add-opens=java.prefs/java.util.prefs=ALL-UNNAMED --add-opens=java.base/java.nio.charset=ALL-UNNAMED --add-opens=java.base/java.net=ALL-UNNAMED --add-opens=java.base/java.util.concurrent.atomic=ALL-UNNAMED --add-opens=java.xml/javax.xml.namespace=ALL-UNNAMED -XX:MaxMetaspaceSize=4G -XX:ReservedCodeCacheSize=512m -XX:+HeapDumpOnOutOfMemoryError -Xmx8G -Dfile.encoding=UTF-8 -Duser.country=KR -Duser.language=ko -Duser.variant -javaagent:C:\Users\USER-5\.gradle\wrapper\dists\gradle-8.14-all\c2qonpi39x1mddn7hk5gh9iqj\gradle-8.14\lib\agents\gradle-instrumentation-agent-8.14.jar org.gradle.launcher.daemon.bootstrap.GradleDaemon 8.14

Host: AMD Ryzen 7 5800X 8-Core Processor             , 16 cores, 63G,  Windows 11 , 64 bit Build 26100 (10.0.26100.8115)
Time: Sun Apr 12 20:18:51 2026 elapsed time: 1022.485391 seconds (0d 0h 17m 2s)

---------------  T H R E A D  ---------------

Current thread (0x000001ac5de68840):  JavaThread "C2 CompilerThread0" daemon [_thread_in_native, id=44116, stack(0x0000001076000000,0x0000001076100000) (1024K)]


Current CompileTask:
C2:1022485 17295 %     4       groovy.lang.MetaClassImpl$MethodIndexAction::iterate @ 76 (119 bytes)

Stack: [0x0000001076000000,0x0000001076100000]
Native frames: (J=compiled Java code, j=interpreted, Vv=VM code, C=native code)
V  [jvm.dll+0x6d78a9]
V  [jvm.dll+0x8665b3]
V  [jvm.dll+0x868bde]
V  [jvm.dll+0x8692c3]
V  [jvm.dll+0x280ee6]
V  [jvm.dll+0xc07cd]
V  [jvm.dll+0xc0d03]
V  [jvm.dll+0x3ba0cb]
V  [jvm.dll+0x385df7]
V  [jvm.dll+0x38526a]
V  [jvm.dll+0x249bd2]
V  [jvm.dll+0x2491a1]
V  [jvm.dll+0x1c76e4]
V  [jvm.dll+0x25891e]
V  [jvm.dll+0x256e66]
V  [jvm.dll+0x3f513e]
V  [jvm.dll+0x80fd28]
V  [jvm.dll+0x6d60fd]
C  [ucrtbase.dll+0x37b0]
C  [KERNEL32.DLL+0x2e8d7]
C  [ntdll.dll+0x8c3fc]


---------------  P R O C E S S  ---------------

Threads class SMR info:
_java_thread_list=0x000001ac6f5d14c0, length=232, elements={
0x000001ac2d0d5490, 0x000001ac5ddfc190, 0x000001ac5de454e0, 0x000001ac5de45f40,
0x000001ac5de702e0, 0x000001ac5de823f0, 0x000001ac5de83670, 0x000001ac5de840d0,
0x000001ac5de68840, 0x000001ac5de94fa0, 0x000001ac5e371fe0, 0x000001ac63d183d0,
0x000001ac64e34900, 0x000001ac646f70c0, 0x000001ac63b55d50, 0x000001ac6443b270,
0x000001ac63c17280, 0x000001ac64d70150, 0x000001ac64d70e70, 0x000001ac64d6f430,
0x000001ac64d6e710, 0x000001ac64d6eda0, 0x000001ac64d6fac0, 0x000001ac64d71500,
0x000001ac64732bc0, 0x000001ac64732530, 0x000001ac64734c90, 0x000001ac64731810,
0x000001ac64736040, 0x000001ac64734600, 0x000001ac647366d0, 0x000001ac64736d60,
0x000001ac64733f70, 0x000001ac64738110, 0x000001ac66609bb0, 0x000001ac6660a240,
0x000001ac66608800, 0x000001ac66608e90, 0x000001ac66607450, 0x000001ac66609520,
0x000001ac66608170, 0x000001ac6660a8d0, 0x000001ac6660af60, 0x000001ac66607ae0,
0x000001ac6660e3e0, 0x000001ac6660c310, 0x000001ac6660bc80, 0x000001ac6660ea70,
0x000001ac6660d030, 0x000001ac6660c9a0, 0x000001ac6660b5f0, 0x000001ac6660d6c0,
0x000001ac6660dd50, 0x000001ac63c851b0, 0x000001ac63c83e00, 0x000001ac63c81d30,
0x000001ac63c84490, 0x000001ac63c82a50, 0x000001ac63c85840, 0x000001ac63c84b20,
0x000001ac63c830e0, 0x000001ac63c823c0, 0x000001ac63c86bf0, 0x000001ac63c85ed0,
0x000001ac63c86560, 0x000001ac63c83770, 0x000001ac63c88630, 0x000001ac63c87280,
0x000001ac63c87910, 0x000001ac63c87fa0, 0x000001ac63c88cc0, 0x000001ac63c89350,
0x000001ac658747c0, 0x000001ac65874e50, 0x000001ac658754e0, 0x000001ac65872060,
0x000001ac658726f0, 0x000001ac65872d80, 0x000001ac65874130, 0x000001ac671ee6f0,
0x000001ac671f2f20, 0x000001ac671f1b70, 0x000001ac671f2200, 0x000001ac671f2890,
0x000001ac671f3c40, 0x000001ac671f35b0, 0x000001ac671f42d0, 0x000001ac671f0e50,
0x000001ac671f4960, 0x000001ac671f4ff0, 0x000001ac671f5680, 0x000001ac677fe170,
0x000001ac678008d0, 0x000001ac67800f60, 0x000001ac677fee90, 0x000001ac677ff520,
0x000001ac67800240, 0x000001ac677fdae0, 0x000001ac677fe800, 0x000001ac677ffbb0,
0x000001ac67af9060, 0x000001ac67af96f0, 0x000001ac67afbe50, 0x000001ac67af9d80,
0x000001ac67afd200, 0x000001ac67afa410, 0x000001ac67afd890, 0x000001ac67afdf20,
0x000001ac67afaaa0, 0x000001ac67afe5b0, 0x000001ac67afc4e0, 0x000001ac67afb130,
0x000001ac67afec40, 0x000001ac67afb7c0, 0x000001ac67aff2d0, 0x000001ac67afcb70,
0x000001ac67aff960, 0x000001ac67affff0, 0x000001ac67b00680, 0x000001ac65ef6c60,
0x000001ac65ef72f0, 0x000001ac65ef4500, 0x000001ac65ef65d0, 0x000001ac65ef5f40,
0x000001ac65ef3e70, 0x000001ac65ef8010, 0x000001ac65ef4b90, 0x000001ac65ef7980,
0x000001ac65ef86a0, 0x000001ac65ef5220, 0x000001ac65ef8d30, 0x000001ac65ef58b0,
0x000001ac65efa770, 0x000001ac65ef9a50, 0x000001ac65efb490, 0x000001ac65efae00,
0x000001ac65ef93c0, 0x000001ac65efa0e0, 0x000001ac66d9ce80, 0x000001ac66d9dba0,
0x000001ac66d9e230, 0x000001ac66d9e8c0, 0x000001ac66d9ef50, 0x000001ac66d9f5e0,
0x000001ac66d9d510, 0x000001ac66da23d0, 0x000001ac66da2a60, 0x000001ac66da1d40,
0x000001ac66da1020, 0x000001ac66da16b0, 0x000001ac66da30f0, 0x000001ac66da0300,
0x000001ac66d9fc70, 0x000001ac66da3780, 0x000001ac66da0990, 0x000001ac66723d30,
0x000001ac667208b0, 0x000001ac667243c0, 0x000001ac66722980, 0x000001ac66723010,
0x000001ac667236a0, 0x000001ac66720f40, 0x000001ac66721c60, 0x000001ac66724a50,
0x000001ac667215d0, 0x000001ac667222f0, 0x000001ac66727840, 0x000001ac66727ed0,
0x000001ac66726490, 0x000001ac66726b20, 0x000001ac66728560, 0x000001ac66725770,
0x000001ac667250e0, 0x000001ac66728bf0, 0x000001ac66729280, 0x000001ac667271b0,
0x000001ac66725e00, 0x000001ac6672b350, 0x000001ac6672b9e0, 0x000001ac6672c070,
0x000001ac66729fa0, 0x000001ac6672cd90, 0x000001ac6672c700, 0x000001ac66729910,
0x000001ac6672d420, 0x000001ac6672dab0, 0x000001ac6672a630, 0x000001ac6672acc0,
0x000001ac6fa14b20, 0x000001ac6fa1b420, 0x000001ac6fa1ad90, 0x000001ac6fa1c140,
0x000001ac6fa1ce60, 0x000001ac6fa1c7d0, 0x000001ac6fa1e210, 0x000001ac6fa1bab0,
0x000001ac6fa1d4f0, 0x000001ac6fa21d20, 0x000001ac6fa21690, 0x000001ac6fa1f5c0,
0x000001ac6fa1e8a0, 0x000001ac6fa1ef30, 0x000001ac6fa202e0, 0x000001ac6fa20970,
0x000001ac6fa1fc50, 0x000001ac64d707e0, 0x000001ac68e2cce0, 0x000001ac68e2edb0,
0x000001ac68e2e090, 0x000001ac68e2f440, 0x000001ac68e2d370, 0x000001ac68e2e720,
0x000001ac68e2fad0, 0x000001ac68e30e80, 0x000001ac68e2da00, 0x000001ac68e328c0,
0x000001ac68e32230, 0x000001ac68e33c70, 0x000001ac68e34300, 0x000001ac68e31ba0,
0x000001ac68e36a60, 0x000001ac68e38b30, 0x000001ac68e370f0, 0x000001ac68e35d40,
0x000001ac68e363d0, 0x000001ac68e3a570, 0x000001ac68e37e10, 0x000001ac68e39ee0,
0x000001ac68e39850, 0x000001ac68e3ac00, 0x000001ac6fee52f0, 0x000001ac6fee37b0
}

Java Threads: ( => current thread )
  0x000001ac2d0d5490 JavaThread "main"                              [_thread_blocked, id=101380, stack(0x0000001075100000,0x0000001075200000) (1024K)]
  0x000001ac5ddfc190 JavaThread "Common-Cleaner"             daemon [_thread_blocked, id=86432, stack(0x0000001075900000,0x0000001075a00000) (1024K)]
  0x000001ac5de454e0 JavaThread "Reference Handler"          daemon [_thread_blocked, id=100360, stack(0x0000001075a00000,0x0000001075b00000) (1024K)]
  0x000001ac5de45f40 JavaThread "Finalizer"                  daemon [_thread_blocked, id=100380, stack(0x0000001075b00000,0x0000001075c00000) (1024K)]
  0x000001ac5de702e0 JavaThread "Signal Dispatcher"          daemon [_thread_blocked, id=50880, stack(0x0000001075c00000,0x0000001075d00000) (1024K)]
  0x000001ac5de823f0 JavaThread "Attach Listener"            daemon [_thread_blocked, id=102264, stack(0x0000001075d00000,0x0000001075e00000) (1024K)]
  0x000001ac5de83670 JavaThread "Service Thread"             daemon [_thread_blocked, id=100908, stack(0x0000001075e00000,0x0000001075f00000) (1024K)]
  0x000001ac5de840d0 JavaThread "Monitor Deflation Thread"   daemon [_thread_blocked, id=102596, stack(0x0000001075f00000,0x0000001076000000) (1024K)]
=>0x000001ac5de68840 JavaThread "C2 CompilerThread0"         daemon [_thread_in_native, id=44116, stack(0x0000001076000000,0x0000001076100000) (1024K)]
  0x000001ac5de94fa0 JavaThread "C1 CompilerThread0"         daemon [_thread_blocked, id=101676, stack(0x0000001076100000,0x0000001076200000) (1024K)]
  0x000001ac5e371fe0 JavaThread "Notification Thread"        daemon [_thread_blocked, id=101628, stack(0x0000001076300000,0x0000001076400000) (1024K)]
  0x000001ac63d183d0 JavaThread "Daemon health stats"               [_thread_blocked, id=91732, stack(0x0000001077400000,0x0000001077500000) (1024K)]
  0x000001ac64e34900 JavaThread "Incoming local TCP Connector on port 60406"        [_thread_in_native, id=103396, stack(0x0000001077600000,0x0000001077700000) (1024K)]
  0x000001ac646f70c0 JavaThread "Daemon periodic checks"            [_thread_blocked, id=75668, stack(0x0000001077700000,0x0000001077800000) (1024K)]
  0x000001ac63b55d50 JavaThread "Daemon"                            [_thread_blocked, id=96936, stack(0x0000001077800000,0x0000001077900000) (1024K)]
  0x000001ac6443b270 JavaThread "Handler for socket connection from /127.0.0.1:60406 to /127.0.0.1:60407"        [_thread_in_native, id=100980, stack(0x0000001077900000,0x0000001077a00000) (1024K)]
  0x000001ac63c17280 JavaThread "Cancel handler"                    [_thread_blocked, id=97316, stack(0x0000001077a00000,0x0000001077b00000) (1024K)]
  0x000001ac64d70150 JavaThread "Daemon worker"                     [_thread_blocked, id=102228, stack(0x0000001077b00000,0x0000001077c00000) (1024K)]
  0x000001ac64d70e70 JavaThread "Asynchronous log dispatcher for DefaultDaemonConnection: socket connection from /127.0.0.1:60406 to /127.0.0.1:60407"        [_thread_blocked, id=102448, stack(0x0000001077c00000,0x0000001077d00000) (1024K)]
  0x000001ac64d6f430 JavaThread "Stdin handler"                     [_thread_blocked, id=9688, stack(0x0000001077d00000,0x0000001077e00000) (1024K)]
  0x000001ac64d6e710 JavaThread "Daemon client event forwarder"        [_thread_blocked, id=60952, stack(0x0000001077e00000,0x0000001077f00000) (1024K)]
  0x000001ac64d6eda0 JavaThread "Cache worker for journal cache (C:\Users\USER-5\.gradle\caches\journal-1)"        [_thread_blocked, id=53412, stack(0x0000001078100000,0x0000001078200000) (1024K)]
  0x000001ac64d6fac0 JavaThread "File lock request listener"        [_thread_in_native, id=68888, stack(0x0000001078200000,0x0000001078300000) (1024K)]
  0x000001ac64d71500 JavaThread "Cache worker for file hash cache (C:\Users\USER-5\.gradle\caches\8.14\fileHashes)"        [_thread_blocked, id=107184, stack(0x0000001076200000,0x0000001076300000) (1024K)]
  0x000001ac64732bc0 JavaThread "Cache worker for file hash cache (D:\mg-games\repos\mg-game-0023\game\android\.gradle\8.14\fileHashes)"        [_thread_blocked, id=107752, stack(0x0000001077500000,0x0000001077600000) (1024K)]
  0x000001ac64732530 JavaThread "Cache worker for Build Output Cleanup Cache (D:\mg-games\repos\mg-game-0023\game\android\.gradle\buildOutputCleanup)"        [_thread_blocked, id=105860, stack(0x0000001076500000,0x0000001076600000) (1024K)]
  0x000001ac64734c90 JavaThread "File watcher server"        daemon [_thread_in_native, id=35984, stack(0x0000001076600000,0x0000001076700000) (1024K)]
  0x000001ac64731810 JavaThread "File watcher consumer"      daemon [_thread_blocked, id=3032, stack(0x0000001078300000,0x0000001078400000) (1024K)]
  0x000001ac64736040 JavaThread "Cache worker for checksums cache (D:\mg-games\repos\mg-game-0023\game\android\.gradle\8.14\checksums)"        [_thread_blocked, id=95416, stack(0x0000001074f00000,0x0000001075000000) (1024K)]
  0x000001ac64734600 JavaThread "Cache worker for file content cache (C:\Users\USER-5\.gradle\caches\8.14\fileContent)"        [_thread_blocked, id=32916, stack(0x0000001075000000,0x0000001075100000) (1024K)]
  0x000001ac647366d0 JavaThread "Cache worker for cache directory md-supplier (C:\Users\USER-5\.gradle\caches\8.14\md-supplier)"        [_thread_blocked, id=98288, stack(0x0000001078500000,0x0000001078600000) (1024K)]
  0x000001ac64736d60 JavaThread "Cache worker for cache directory md-rule (C:\Users\USER-5\.gradle\caches\8.14\md-rule)"        [_thread_blocked, id=83188, stack(0x0000001078600000,0x0000001078700000) (1024K)]
  0x000001ac64733f70 JavaThread "Cache worker for Build Output Cleanup Cache (C:\Users\USER-5\develop\flutter\packages\flutter_tools\gradle\.gradle\buildOutputCleanup)"        [_thread_blocked, id=65672, stack(0x0000001078400000,0x0000001078500000) (1024K)]
  0x000001ac64738110 JavaThread "Unconstrained build operations"        [_thread_blocked, id=77712, stack(0x0000001078900000,0x0000001078a00000) (1024K)]
  0x000001ac66609bb0 JavaThread "Unconstrained build operations Thread 2"        [_thread_blocked, id=111116, stack(0x0000001078a00000,0x0000001078b00000) (1024K)]
  0x000001ac6660a240 JavaThread "Unconstrained build operations Thread 3"        [_thread_blocked, id=111340, stack(0x0000001078b00000,0x0000001078c00000) (1024K)]
  0x000001ac66608800 JavaThread "Unconstrained build operations Thread 4"        [_thread_blocked, id=110644, stack(0x0000001078c00000,0x0000001078d00000) (1024K)]
  0x000001ac66608e90 JavaThread "Unconstrained build operations Thread 5"        [_thread_blocked, id=110128, stack(0x0000001078d00000,0x0000001078e00000) (1024K)]
  0x000001ac66607450 JavaThread "Unconstrained build operations Thread 6"        [_thread_blocked, id=111356, stack(0x0000001078e00000,0x0000001078f00000) (1024K)]
  0x000001ac66609520 JavaThread "Unconstrained build operations Thread 7"        [_thread_blocked, id=111152, stack(0x0000001078f00000,0x0000001079000000) (1024K)]
  0x000001ac66608170 JavaThread "Unconstrained build operations Thread 8"        [_thread_blocked, id=11224, stack(0x0000001079000000,0x0000001079100000) (1024K)]
  0x000001ac6660a8d0 JavaThread "Unconstrained build operations Thread 9"        [_thread_blocked, id=99112, stack(0x0000001079100000,0x0000001079200000) (1024K)]
  0x000001ac6660af60 JavaThread "Unconstrained build operations Thread 10"        [_thread_blocked, id=111212, stack(0x0000001079200000,0x0000001079300000) (1024K)]
  0x000001ac66607ae0 JavaThread "Unconstrained build operations Thread 11"        [_thread_blocked, id=111348, stack(0x0000001079300000,0x0000001079400000) (1024K)]
  0x000001ac6660e3e0 JavaThread "Unconstrained build operations Thread 12"        [_thread_blocked, id=111344, stack(0x0000001079400000,0x0000001079500000) (1024K)]
  0x000001ac6660c310 JavaThread "Unconstrained build operations Thread 13"        [_thread_blocked, id=111316, stack(0x0000001079500000,0x0000001079600000) (1024K)]
  0x000001ac6660bc80 JavaThread "Unconstrained build operations Thread 14"        [_thread_blocked, id=110668, stack(0x0000001079600000,0x0000001079700000) (1024K)]
  0x000001ac6660ea70 JavaThread "Unconstrained build operations Thread 15"        [_thread_blocked, id=105508, stack(0x0000001079700000,0x0000001079800000) (1024K)]
  0x000001ac6660d030 JavaThread "Unconstrained build operations Thread 16"        [_thread_blocked, id=100496, stack(0x0000001077300000,0x0000001077400000) (1024K)]
  0x000001ac6660c9a0 JavaThread "Unconstrained build operations Thread 17"        [_thread_blocked, id=109492, stack(0x0000001078700000,0x0000001078800000) (1024K)]
  0x000001ac6660b5f0 JavaThread "Unconstrained build operations Thread 18"        [_thread_blocked, id=94420, stack(0x0000001078800000,0x0000001078900000) (1024K)]
  0x000001ac6660d6c0 JavaThread "Unconstrained build operations Thread 19"        [_thread_blocked, id=110008, stack(0x0000001079800000,0x0000001079900000) (1024K)]
  0x000001ac6660dd50 JavaThread "Unconstrained build operations Thread 20"        [_thread_blocked, id=1328, stack(0x0000001079900000,0x0000001079a00000) (1024K)]
  0x000001ac63c851b0 JavaThread "Unconstrained build operations Thread 21"        [_thread_blocked, id=97036, stack(0x0000001079a00000,0x0000001079b00000) (1024K)]
  0x000001ac63c83e00 JavaThread "Unconstrained build operations Thread 22"        [_thread_blocked, id=99716, stack(0x0000001079b00000,0x0000001079c00000) (1024K)]
  0x000001ac63c81d30 JavaThread "Unconstrained build operations Thread 23"        [_thread_blocked, id=100460, stack(0x0000001079c00000,0x0000001079d00000) (1024K)]
  0x000001ac63c84490 JavaThread "Unconstrained build operations Thread 24"        [_thread_blocked, id=111144, stack(0x0000001079d00000,0x0000001079e00000) (1024K)]
  0x000001ac63c82a50 JavaThread "Unconstrained build operations Thread 25"        [_thread_blocked, id=98332, stack(0x0000001079e00000,0x0000001079f00000) (1024K)]
  0x000001ac63c85840 JavaThread "Unconstrained build operations Thread 26"        [_thread_blocked, id=107384, stack(0x0000001079f00000,0x000000107a000000) (1024K)]
  0x000001ac63c84b20 JavaThread "Unconstrained build operations Thread 27"        [_thread_blocked, id=111284, stack(0x000000107a000000,0x000000107a100000) (1024K)]
  0x000001ac63c830e0 JavaThread "Unconstrained build operations Thread 28"        [_thread_blocked, id=100960, stack(0x000000107a100000,0x000000107a200000) (1024K)]
  0x000001ac63c823c0 JavaThread "Unconstrained build operations Thread 29"        [_thread_blocked, id=109856, stack(0x000000107a200000,0x000000107a300000) (1024K)]
  0x000001ac63c86bf0 JavaThread "Unconstrained build operations Thread 30"        [_thread_blocked, id=99540, stack(0x000000107a300000,0x000000107a400000) (1024K)]
  0x000001ac63c85ed0 JavaThread "Unconstrained build operations Thread 31"        [_thread_blocked, id=35864, stack(0x000000107a600000,0x000000107a700000) (1024K)]
  0x000001ac63c86560 JavaThread "Unconstrained build operations Thread 32"        [_thread_blocked, id=103768, stack(0x000000107a700000,0x000000107a800000) (1024K)]
  0x000001ac63c83770 JavaThread "Unconstrained build operations Thread 33"        [_thread_blocked, id=103752, stack(0x000000107a800000,0x000000107a900000) (1024K)]
  0x000001ac63c88630 JavaThread "Unconstrained build operations Thread 34"        [_thread_blocked, id=103832, stack(0x000000107a900000,0x000000107aa00000) (1024K)]
  0x000001ac63c87280 JavaThread "Unconstrained build operations Thread 35"        [_thread_blocked, id=18916, stack(0x000000107aa00000,0x000000107ab00000) (1024K)]
  0x000001ac63c87910 JavaThread "Unconstrained build operations Thread 36"        [_thread_blocked, id=95996, stack(0x000000107ab00000,0x000000107ac00000) (1024K)]
  0x000001ac63c87fa0 JavaThread "Unconstrained build operations Thread 37"        [_thread_blocked, id=59056, stack(0x000000107ac00000,0x000000107ad00000) (1024K)]
  0x000001ac63c88cc0 JavaThread "Unconstrained build operations Thread 38"        [_thread_blocked, id=91428, stack(0x000000107ad00000,0x000000107ae00000) (1024K)]
  0x000001ac63c89350 JavaThread "Unconstrained build operations Thread 39"        [_thread_blocked, id=24736, stack(0x000000107ae00000,0x000000107af00000) (1024K)]
  0x000001ac658747c0 JavaThread "Unconstrained build operations Thread 40"        [_thread_blocked, id=92744, stack(0x000000107af00000,0x000000107b000000) (1024K)]
  0x000001ac65874e50 JavaThread "Unconstrained build operations Thread 41"        [_thread_blocked, id=86324, stack(0x000000107b000000,0x000000107b100000) (1024K)]
  0x000001ac658754e0 JavaThread "Unconstrained build operations Thread 42"        [_thread_blocked, id=32896, stack(0x000000107b100000,0x000000107b200000) (1024K)]
  0x000001ac65872060 JavaThread "Unconstrained build operations Thread 43"        [_thread_blocked, id=111868, stack(0x000000107b200000,0x000000107b300000) (1024K)]
  0x000001ac658726f0 JavaThread "Unconstrained build operations Thread 44"        [_thread_blocked, id=69244, stack(0x000000107b300000,0x000000107b400000) (1024K)]
  0x000001ac65872d80 JavaThread "Unconstrained build operations Thread 45"        [_thread_blocked, id=111668, stack(0x000000107b400000,0x000000107b500000) (1024K)]
  0x000001ac65874130 JavaThread "Memory manager"                    [_thread_blocked, id=112756, stack(0x000000107b700000,0x000000107b800000) (1024K)]
  0x000001ac671ee6f0 JavaThread "build event listener"              [_thread_blocked, id=112932, stack(0x000000107b800000,0x000000107b900000) (1024K)]
  0x000001ac671f2f20 JavaThread "Execution worker"                  [_thread_blocked, id=113716, stack(0x000000107b900000,0x000000107ba00000) (1024K)]
  0x000001ac671f1b70 JavaThread "Execution worker Thread 2"         [_thread_blocked, id=113540, stack(0x000000107ba00000,0x000000107bb00000) (1024K)]
  0x000001ac671f2200 JavaThread "Execution worker Thread 3"         [_thread_blocked, id=113772, stack(0x000000107bb00000,0x000000107bc00000) (1024K)]
  0x000001ac671f2890 JavaThread "Execution worker Thread 4"         [_thread_blocked, id=113756, stack(0x000000107bc00000,0x000000107bd00000) (1024K)]
  0x000001ac671f3c40 JavaThread "Execution worker Thread 5"         [_thread_blocked, id=113976, stack(0x000000107bd00000,0x000000107be00000) (1024K)]
  0x000001ac671f35b0 JavaThread "Execution worker Thread 6"         [_thread_blocked, id=113932, stack(0x000000107be00000,0x000000107bf00000) (1024K)]
  0x000001ac671f42d0 JavaThread "Execution worker Thread 7"         [_thread_blocked, id=113920, stack(0x000000107bf00000,0x000000107c000000) (1024K)]
  0x000001ac671f0e50 JavaThread "Execution worker Thread 8"         [_thread_blocked, id=113684, stack(0x000000107c000000,0x000000107c100000) (1024K)]
  0x000001ac671f4960 JavaThread "Execution worker Thread 9"         [_thread_blocked, id=113824, stack(0x000000107c100000,0x000000107c200000) (1024K)]
  0x000001ac671f4ff0 JavaThread "Execution worker Thread 10"        [_thread_blocked, id=98564, stack(0x000000107c200000,0x000000107c300000) (1024K)]
  0x000001ac671f5680 JavaThread "Execution worker Thread 11"        [_thread_blocked, id=113728, stack(0x000000107c300000,0x000000107c400000) (1024K)]
  0x000001ac677fe170 JavaThread "Execution worker Thread 12"        [_thread_blocked, id=113984, stack(0x000000107c400000,0x000000107c500000) (1024K)]
  0x000001ac678008d0 JavaThread "Execution worker Thread 13"        [_thread_blocked, id=113844, stack(0x000000107c500000,0x000000107c600000) (1024K)]
  0x000001ac67800f60 JavaThread "Execution worker Thread 14"        [_thread_blocked, id=114036, stack(0x000000107c600000,0x000000107c700000) (1024K)]
  0x000001ac677fee90 JavaThread "Execution worker Thread 15"        [_thread_blocked, id=113864, stack(0x000000107c700000,0x000000107c800000) (1024K)]
  0x000001ac677ff520 JavaThread "Cache worker for execution history cache (C:\Users\USER-5\develop\flutter\packages\flutter_tools\gradle\.gradle\8.14\executionHistory)"        [_thread_blocked, id=114020, stack(0x000000107c800000,0x000000107c900000) (1024K)]
  0x000001ac67800240 JavaThread "Unconstrained build operations Thread 46"        [_thread_blocked, id=114004, stack(0x000000107c900000,0x000000107ca00000) (1024K)]
  0x000001ac677fdae0 JavaThread "Unconstrained build operations Thread 47"        [_thread_blocked, id=113832, stack(0x000000107ca00000,0x000000107cb00000) (1024K)]
  0x000001ac677fe800 JavaThread "Unconstrained build operations Thread 48"        [_thread_blocked, id=113764, stack(0x000000107cb00000,0x000000107cc00000) (1024K)]
  0x000001ac677ffbb0 JavaThread "Unconstrained build operations Thread 49"        [_thread_blocked, id=113996, stack(0x000000107cc00000,0x000000107cd00000) (1024K)]
  0x000001ac67af9060 JavaThread "Unconstrained build operations Thread 50"        [_thread_blocked, id=113952, stack(0x000000107cd00000,0x000000107ce00000) (1024K)]
  0x000001ac67af96f0 JavaThread "Unconstrained build operations Thread 51"        [_thread_blocked, id=114028, stack(0x000000107ce00000,0x000000107cf00000) (1024K)]
  0x000001ac67afbe50 JavaThread "Unconstrained build operations Thread 52"        [_thread_blocked, id=113936, stack(0x000000107cf00000,0x000000107d000000) (1024K)]
  0x000001ac67af9d80 JavaThread "Unconstrained build operations Thread 53"        [_thread_blocked, id=35156, stack(0x000000107d000000,0x000000107d100000) (1024K)]
  0x000001ac67afd200 JavaThread "Unconstrained build operations Thread 54"        [_thread_blocked, id=113956, stack(0x000000107d100000,0x000000107d200000) (1024K)]
  0x000001ac67afa410 JavaThread "Unconstrained build operations Thread 55"        [_thread_blocked, id=113896, stack(0x000000107d200000,0x000000107d300000) (1024K)]
  0x000001ac67afd890 JavaThread "Unconstrained build operations Thread 56"        [_thread_blocked, id=114076, stack(0x000000107d300000,0x000000107d400000) (1024K)]
  0x000001ac67afdf20 JavaThread "Unconstrained build operations Thread 57"        [_thread_blocked, id=113852, stack(0x000000107d400000,0x000000107d500000) (1024K)]
  0x000001ac67afaaa0 JavaThread "Unconstrained build operations Thread 58"        [_thread_blocked, id=113908, stack(0x000000107d500000,0x000000107d600000) (1024K)]
  0x000001ac67afe5b0 JavaThread "Unconstrained build operations Thread 59"        [_thread_blocked, id=113904, stack(0x000000107d600000,0x000000107d700000) (1024K)]
  0x000001ac67afc4e0 JavaThread "Unconstrained build operations Thread 60"        [_thread_blocked, id=113880, stack(0x000000107d700000,0x000000107d800000) (1024K)]
  0x000001ac67afb130 JavaThread "Unconstrained build operations Thread 61"        [_thread_blocked, id=113884, stack(0x000000107d800000,0x000000107d900000) (1024K)]
  0x000001ac67afec40 JavaThread "Unconstrained build operations Thread 62"        [_thread_blocked, id=113608, stack(0x000000107d900000,0x000000107da00000) (1024K)]
  0x000001ac67afb7c0 JavaThread "Unconstrained build operations Thread 63"        [_thread_blocked, id=113656, stack(0x000000107da00000,0x000000107db00000) (1024K)]
  0x000001ac67aff2d0 JavaThread "Unconstrained build operations Thread 64"        [_thread_blocked, id=114116, stack(0x000000107db00000,0x000000107dc00000) (1024K)]
  0x000001ac67afcb70 JavaThread "Unconstrained build operations Thread 65"        [_thread_blocked, id=114132, stack(0x000000107dc00000,0x000000107dd00000) (1024K)]
  0x000001ac67aff960 JavaThread "Unconstrained build operations Thread 66"        [_thread_blocked, id=114084, stack(0x000000107dd00000,0x000000107de00000) (1024K)]
  0x000001ac67affff0 JavaThread "Unconstrained build operations Thread 67"        [_thread_blocked, id=114136, stack(0x000000107de00000,0x000000107df00000) (1024K)]
  0x000001ac67b00680 JavaThread "Unconstrained build operations Thread 68"        [_thread_blocked, id=114108, stack(0x000000107df00000,0x000000107e000000) (1024K)]
  0x000001ac65ef6c60 JavaThread "Unconstrained build operations Thread 69"        [_thread_blocked, id=61112, stack(0x000000107e000000,0x000000107e100000) (1024K)]
  0x000001ac65ef72f0 JavaThread "Unconstrained build operations Thread 70"        [_thread_blocked, id=114144, stack(0x000000107e100000,0x000000107e200000) (1024K)]
  0x000001ac65ef4500 JavaThread "Unconstrained build operations Thread 71"        [_thread_blocked, id=105708, stack(0x000000107e200000,0x000000107e300000) (1024K)]
  0x000001ac65ef65d0 JavaThread "Unconstrained build operations Thread 72"        [_thread_blocked, id=114596, stack(0x000000107e300000,0x000000107e400000) (1024K)]
  0x000001ac65ef5f40 JavaThread "Unconstrained build operations Thread 73"        [_thread_blocked, id=107608, stack(0x000000107e400000,0x000000107e500000) (1024K)]
  0x000001ac65ef3e70 JavaThread "Unconstrained build operations Thread 74"        [_thread_blocked, id=113192, stack(0x000000107e500000,0x000000107e600000) (1024K)]
  0x000001ac65ef8010 JavaThread "Unconstrained build operations Thread 75"        [_thread_blocked, id=114580, stack(0x000000107e600000,0x000000107e700000) (1024K)]
  0x000001ac65ef4b90 JavaThread "Unconstrained build operations Thread 76"        [_thread_blocked, id=46088, stack(0x000000107b500000,0x000000107b600000) (1024K)]
  0x000001ac65ef7980 JavaThread "Unconstrained build operations Thread 77"        [_thread_blocked, id=112656, stack(0x000000107e700000,0x000000107e800000) (1024K)]
  0x000001ac65ef86a0 JavaThread "Unconstrained build operations Thread 78"        [_thread_blocked, id=113500, stack(0x000000107e800000,0x000000107e900000) (1024K)]
  0x000001ac65ef5220 JavaThread "Unconstrained build operations Thread 79"        [_thread_blocked, id=91524, stack(0x000000107e900000,0x000000107ea00000) (1024K)]
  0x000001ac65ef8d30 JavaThread "Unconstrained build operations Thread 80"        [_thread_blocked, id=57376, stack(0x000000107ea00000,0x000000107eb00000) (1024K)]
  0x000001ac65ef58b0 JavaThread "Unconstrained build operations Thread 81"        [_thread_blocked, id=100616, stack(0x000000107eb00000,0x000000107ec00000) (1024K)]
  0x000001ac65efa770 JavaThread "Unconstrained build operations Thread 82"        [_thread_blocked, id=96656, stack(0x000000107ec00000,0x000000107ed00000) (1024K)]
  0x000001ac65ef9a50 JavaThread "Unconstrained build operations Thread 83"        [_thread_blocked, id=112776, stack(0x000000107ed00000,0x000000107ee00000) (1024K)]
  0x000001ac65efb490 JavaThread "Unconstrained build operations Thread 84"        [_thread_blocked, id=105976, stack(0x000000107ee00000,0x000000107ef00000) (1024K)]
  0x000001ac65efae00 JavaThread "Unconstrained build operations Thread 85"        [_thread_blocked, id=75416, stack(0x000000107ef00000,0x000000107f000000) (1024K)]
  0x000001ac65ef93c0 JavaThread "Unconstrained build operations Thread 86"        [_thread_blocked, id=89116, stack(0x000000107f000000,0x000000107f100000) (1024K)]
  0x000001ac65efa0e0 JavaThread "Unconstrained build operations Thread 87"        [_thread_blocked, id=112800, stack(0x000000107f100000,0x000000107f200000) (1024K)]
  0x000001ac66d9ce80 JavaThread "Unconstrained build operations Thread 88"        [_thread_blocked, id=112956, stack(0x000000107f200000,0x000000107f300000) (1024K)]
  0x000001ac66d9dba0 JavaThread "Unconstrained build operations Thread 89"        [_thread_blocked, id=71296, stack(0x000000107f300000,0x000000107f400000) (1024K)]
  0x000001ac66d9e230 JavaThread "Unconstrained build operations Thread 90"        [_thread_blocked, id=109368, stack(0x000000107f400000,0x000000107f500000) (1024K)]
  0x000001ac66d9e8c0 JavaThread "Unconstrained build operations Thread 91"        [_thread_blocked, id=86868, stack(0x000000107f700000,0x000000107f800000) (1024K)]
  0x000001ac66d9ef50 JavaThread "Unconstrained build operations Thread 92"        [_thread_blocked, id=109996, stack(0x000000107f800000,0x000000107f900000) (1024K)]
  0x000001ac66d9f5e0 JavaThread "Unconstrained build operations Thread 93"        [_thread_blocked, id=113704, stack(0x000000107fa00000,0x000000107fb00000) (1024K)]
  0x000001ac66d9d510 JavaThread "Unconstrained build operations Thread 94"        [_thread_blocked, id=113796, stack(0x000000107fb00000,0x000000107fc00000) (1024K)]
  0x000001ac66da23d0 JavaThread "Unconstrained build operations Thread 95"        [_thread_blocked, id=112780, stack(0x000000107fc00000,0x000000107fd00000) (1024K)]
  0x000001ac66da2a60 JavaThread "Unconstrained build operations Thread 96"        [_thread_blocked, id=111044, stack(0x000000107fd00000,0x000000107fe00000) (1024K)]
  0x000001ac66da1d40 JavaThread "Unconstrained build operations Thread 97"        [_thread_blocked, id=94612, stack(0x000000107fe00000,0x000000107ff00000) (1024K)]
  0x000001ac66da1020 JavaThread "Unconstrained build operations Thread 98"        [_thread_blocked, id=114184, stack(0x000000107ff00000,0x0000001080000000) (1024K)]
  0x000001ac66da16b0 JavaThread "Unconstrained build operations Thread 99"        [_thread_blocked, id=113776, stack(0x0000001000000000,0x0000001000100000) (1024K)]
  0x000001ac66da30f0 JavaThread "Unconstrained build operations Thread 100"        [_thread_blocked, id=114096, stack(0x0000001000100000,0x0000001000200000) (1024K)]
  0x000001ac66da0300 JavaThread "Unconstrained build operations Thread 101"        [_thread_blocked, id=114428, stack(0x0000001000200000,0x0000001000300000) (1024K)]
  0x000001ac66d9fc70 JavaThread "Unconstrained build operations Thread 102"        [_thread_blocked, id=66940, stack(0x0000001000300000,0x0000001000400000) (1024K)]
  0x000001ac66da3780 JavaThread "Unconstrained build operations Thread 103"        [_thread_blocked, id=106952, stack(0x0000001000400000,0x0000001000500000) (1024K)]
  0x000001ac66da0990 JavaThread "Unconstrained build operations Thread 104"        [_thread_blocked, id=114504, stack(0x0000001000500000,0x0000001000600000) (1024K)]
  0x000001ac66723d30 JavaThread "Unconstrained build operations Thread 105"        [_thread_blocked, id=114432, stack(0x0000001000600000,0x0000001000700000) (1024K)]
  0x000001ac667208b0 JavaThread "Unconstrained build operations Thread 106"        [_thread_blocked, id=36932, stack(0x0000001000700000,0x0000001000800000) (1024K)]
  0x000001ac667243c0 JavaThread "Unconstrained build operations Thread 107"        [_thread_blocked, id=95296, stack(0x0000001000800000,0x0000001000900000) (1024K)]
  0x000001ac66722980 JavaThread "Unconstrained build operations Thread 108"        [_thread_blocked, id=115236, stack(0x0000001000900000,0x0000001000a00000) (1024K)]
  0x000001ac66723010 JavaThread "Unconstrained build operations Thread 109"        [_thread_blocked, id=115240, stack(0x0000001000a00000,0x0000001000b00000) (1024K)]
  0x000001ac667236a0 JavaThread "Unconstrained build operations Thread 110"        [_thread_blocked, id=115268, stack(0x0000001000b00000,0x0000001000c00000) (1024K)]
  0x000001ac66720f40 JavaThread "Unconstrained build operations Thread 111"        [_thread_blocked, id=115272, stack(0x0000001000c00000,0x0000001000d00000) (1024K)]
  0x000001ac66721c60 JavaThread "Unconstrained build operations Thread 112"        [_thread_blocked, id=115276, stack(0x0000001000d00000,0x0000001000e00000) (1024K)]
  0x000001ac66724a50 JavaThread "Unconstrained build operations Thread 113"        [_thread_blocked, id=115280, stack(0x0000001000e00000,0x0000001000f00000) (1024K)]
  0x000001ac667215d0 JavaThread "Unconstrained build operations Thread 114"        [_thread_blocked, id=115284, stack(0x0000001000f00000,0x0000001001000000) (1024K)]
  0x000001ac667222f0 JavaThread "Unconstrained build operations Thread 115"        [_thread_blocked, id=115288, stack(0x0000001001000000,0x0000001001100000) (1024K)]
  0x000001ac66727840 JavaThread "Unconstrained build operations Thread 116"        [_thread_blocked, id=115292, stack(0x0000001001100000,0x0000001001200000) (1024K)]
  0x000001ac66727ed0 JavaThread "Unconstrained build operations Thread 117"        [_thread_blocked, id=115296, stack(0x0000001001200000,0x0000001001300000) (1024K)]
  0x000001ac66726490 JavaThread "Unconstrained build operations Thread 118"        [_thread_blocked, id=115300, stack(0x0000001001300000,0x0000001001400000) (1024K)]
  0x000001ac66726b20 JavaThread "Unconstrained build operations Thread 119"        [_thread_blocked, id=115304, stack(0x0000001001400000,0x0000001001500000) (1024K)]
  0x000001ac66728560 JavaThread "Unconstrained build operations Thread 120"        [_thread_blocked, id=115308, stack(0x0000001001500000,0x0000001001600000) (1024K)]
  0x000001ac66725770 JavaThread "Unconstrained build operations Thread 121"        [_thread_blocked, id=115312, stack(0x0000001001600000,0x0000001001700000) (1024K)]
  0x000001ac667250e0 JavaThread "Unconstrained build operations Thread 122"        [_thread_blocked, id=115316, stack(0x0000001001700000,0x0000001001800000) (1024K)]
  0x000001ac66728bf0 JavaThread "Unconstrained build operations Thread 123"        [_thread_blocked, id=115336, stack(0x0000001001a00000,0x0000001001b00000) (1024K)]
  0x000001ac66729280 JavaThread "Unconstrained build operations Thread 124"        [_thread_blocked, id=115340, stack(0x0000001001b00000,0x0000001001c00000) (1024K)]
  0x000001ac667271b0 JavaThread "Unconstrained build operations Thread 125"        [_thread_blocked, id=115344, stack(0x0000001001c00000,0x0000001001d00000) (1024K)]
  0x000001ac66725e00 JavaThread "Unconstrained build operations Thread 126"        [_thread_blocked, id=115348, stack(0x0000001001d00000,0x0000001001e00000) (1024K)]
  0x000001ac6672b350 JavaThread "Unconstrained build operations Thread 127"        [_thread_blocked, id=115352, stack(0x0000001001e00000,0x0000001001f00000) (1024K)]
  0x000001ac6672b9e0 JavaThread "Unconstrained build operations Thread 128"        [_thread_blocked, id=115356, stack(0x0000001001f00000,0x0000001002000000) (1024K)]
  0x000001ac6672c070 JavaThread "Unconstrained build operations Thread 129"        [_thread_blocked, id=115360, stack(0x0000001002000000,0x0000001002100000) (1024K)]
  0x000001ac66729fa0 JavaThread "Unconstrained build operations Thread 130"        [_thread_blocked, id=115364, stack(0x0000001002100000,0x0000001002200000) (1024K)]
  0x000001ac6672cd90 JavaThread "Unconstrained build operations Thread 131"        [_thread_blocked, id=115368, stack(0x0000001002200000,0x0000001002300000) (1024K)]
  0x000001ac6672c700 JavaThread "Unconstrained build operations Thread 132"        [_thread_blocked, id=115372, stack(0x0000001002300000,0x0000001002400000) (1024K)]
  0x000001ac66729910 JavaThread "Unconstrained build operations Thread 133"        [_thread_blocked, id=115376, stack(0x0000001002400000,0x0000001002500000) (1024K)]
  0x000001ac6672d420 JavaThread "Unconstrained build operations Thread 134"        [_thread_blocked, id=115380, stack(0x0000001002500000,0x0000001002600000) (1024K)]
  0x000001ac6672dab0 JavaThread "Unconstrained build operations Thread 135"        [_thread_blocked, id=115384, stack(0x0000001002600000,0x0000001002700000) (1024K)]
  0x000001ac6672a630 JavaThread "Unconstrained build operations Thread 136"        [_thread_blocked, id=115388, stack(0x0000001002700000,0x0000001002800000) (1024K)]
  0x000001ac6672acc0 JavaThread "Unconstrained build operations Thread 137"        [_thread_blocked, id=115392, stack(0x0000001002800000,0x0000001002900000) (1024K)]
  0x000001ac6fa14b20 JavaThread "build event listener"              [_thread_blocked, id=115580, stack(0x0000001002900000,0x0000001002a00000) (1024K)]
  0x000001ac6fa1b420 JavaThread "jar transforms"                    [_thread_blocked, id=86356, stack(0x0000001001900000,0x0000001001a00000) (1024K)]
  0x000001ac6fa1ad90 JavaThread "Unconstrained build operations Thread 138"        [_thread_blocked, id=120956, stack(0x0000001002e00000,0x0000001002f00000) (1024K)]
  0x000001ac6fa1c140 JavaThread "Unconstrained build operations Thread 139"        [_thread_blocked, id=112504, stack(0x0000001002f00000,0x0000001003000000) (1024K)]
  0x000001ac6fa1ce60 JavaThread "Unconstrained build operations Thread 140"        [_thread_blocked, id=103588, stack(0x0000001003000000,0x0000001003100000) (1024K)]
  0x000001ac6fa1c7d0 JavaThread "Unconstrained build operations Thread 141"        [_thread_blocked, id=117244, stack(0x0000001003100000,0x0000001003200000) (1024K)]
  0x000001ac6fa1e210 JavaThread "Unconstrained build operations Thread 142"        [_thread_blocked, id=63600, stack(0x0000001003200000,0x0000001003300000) (1024K)]
  0x000001ac6fa1bab0 JavaThread "Unconstrained build operations Thread 143"        [_thread_blocked, id=113468, stack(0x0000001003300000,0x0000001003400000) (1024K)]
  0x000001ac6fa1d4f0 JavaThread "Unconstrained build operations Thread 144"        [_thread_blocked, id=106436, stack(0x0000001003400000,0x0000001003500000) (1024K)]
  0x000001ac6fa21d20 JavaThread "Unconstrained build operations Thread 145"        [_thread_blocked, id=120972, stack(0x0000001003500000,0x0000001003600000) (1024K)]
  0x000001ac6fa21690 JavaThread "Unconstrained build operations Thread 146"        [_thread_blocked, id=120988, stack(0x0000001003600000,0x0000001003700000) (1024K)]
  0x000001ac6fa1f5c0 JavaThread "Unconstrained build operations Thread 147"        [_thread_blocked, id=18568, stack(0x0000001003700000,0x0000001003800000) (1024K)]
  0x000001ac6fa1e8a0 JavaThread "Unconstrained build operations Thread 148"        [_thread_blocked, id=120992, stack(0x0000001003800000,0x0000001003900000) (1024K)]
  0x000001ac6fa1ef30 JavaThread "Unconstrained build operations Thread 149"        [_thread_blocked, id=54136, stack(0x0000001003900000,0x0000001003a00000) (1024K)]
  0x000001ac6fa202e0 JavaThread "Unconstrained build operations Thread 150"        [_thread_blocked, id=121032, stack(0x0000001003a00000,0x0000001003b00000) (1024K)]
  0x000001ac6fa20970 JavaThread "Unconstrained build operations Thread 151"        [_thread_blocked, id=121028, stack(0x0000001003b00000,0x0000001003c00000) (1024K)]
  0x000001ac6fa1fc50 JavaThread "Unconstrained build operations Thread 152"        [_thread_blocked, id=121024, stack(0x0000001003c00000,0x0000001003d00000) (1024K)]
  0x000001ac64d707e0 JavaThread "Unconstrained build operations Thread 153"        [_thread_blocked, id=121288, stack(0x0000001002a00000,0x0000001002b00000) (1024K)]
  0x000001ac68e2cce0 JavaThread "Unconstrained build operations Thread 154"        [_thread_blocked, id=121188, stack(0x0000001002b00000,0x0000001002c00000) (1024K)]
  0x000001ac68e2edb0 JavaThread "Unconstrained build operations Thread 155"        [_thread_blocked, id=120844, stack(0x0000001002c00000,0x0000001002d00000) (1024K)]
  0x000001ac68e2e090 JavaThread "Unconstrained build operations Thread 156"        [_thread_blocked, id=73584, stack(0x0000001002d00000,0x0000001002e00000) (1024K)]
  0x000001ac68e2f440 JavaThread "Unconstrained build operations Thread 157"        [_thread_blocked, id=64084, stack(0x0000001003d00000,0x0000001003e00000) (1024K)]
  0x000001ac68e2d370 JavaThread "Unconstrained build operations Thread 158"        [_thread_blocked, id=116920, stack(0x0000001003e00000,0x0000001003f00000) (1024K)]
  0x000001ac68e2e720 JavaThread "Unconstrained build operations Thread 159"        [_thread_blocked, id=106608, stack(0x0000001003f00000,0x0000001004000000) (1024K)]
  0x000001ac68e2fad0 JavaThread "Unconstrained build operations Thread 160"        [_thread_blocked, id=94412, stack(0x0000001004000000,0x0000001004100000) (1024K)]
  0x000001ac68e30e80 JavaThread "jar transforms Thread 2"           [_thread_blocked, id=116084, stack(0x0000001004100000,0x0000001004200000) (1024K)]
  0x000001ac68e2da00 JavaThread "Problems report writer"            [_thread_blocked, id=26160, stack(0x0000001004200000,0x0000001004300000) (1024K)]
  0x000001ac68e328c0 JavaThread "jar transforms Thread 3"           [_thread_blocked, id=88392, stack(0x0000001004400000,0x0000001004500000) (1024K)]
  0x000001ac68e32230 JavaThread "jar transforms Thread 4"           [_thread_blocked, id=85932, stack(0x0000001004500000,0x0000001004600000) (1024K)]
  0x000001ac68e33c70 JavaThread "jar transforms Thread 5"           [_thread_blocked, id=52660, stack(0x0000001004600000,0x0000001004700000) (1024K)]
  0x000001ac68e34300 JavaThread "jar transforms Thread 6"           [_thread_blocked, id=114248, stack(0x0000001001800000,0x0000001001900000) (1024K)]
  0x000001ac68e31ba0 JavaThread "jar transforms Thread 7"           [_thread_blocked, id=98344, stack(0x0000001004700000,0x0000001004800000) (1024K)]
  0x000001ac68e36a60 JavaThread "jar transforms Thread 8"           [_thread_blocked, id=114468, stack(0x0000001004800000,0x0000001004900000) (1024K)]
  0x000001ac68e38b30 JavaThread "jar transforms Thread 9"           [_thread_blocked, id=59356, stack(0x0000001004a00000,0x0000001004b00000) (1024K)]
  0x000001ac68e370f0 JavaThread "jar transforms Thread 10"          [_thread_blocked, id=47976, stack(0x0000001004900000,0x0000001004a00000) (1024K)]
  0x000001ac68e35d40 JavaThread "File lock release action executor Thread 5"        [_thread_blocked, id=33964, stack(0x0000001004300000,0x0000001004400000) (1024K)]
  0x000001ac68e363d0 JavaThread "jar transforms Thread 11"          [_thread_blocked, id=127936, stack(0x0000001004b00000,0x0000001004c00000) (1024K)]
  0x000001ac68e3a570 JavaThread "jar transforms Thread 12"          [_thread_blocked, id=126984, stack(0x0000001004c00000,0x0000001004d00000) (1024K)]
  0x000001ac68e37e10 JavaThread "jar transforms Thread 13"          [_thread_blocked, id=127524, stack(0x0000001004e00000,0x0000001004f00000) (1024K)]
  0x000001ac68e39ee0 JavaThread "jar transforms Thread 14"          [_thread_blocked, id=80740, stack(0x0000001004d00000,0x0000001004e00000) (1024K)]
  0x000001ac68e39850 JavaThread "jar transforms Thread 15"          [_thread_blocked, id=58772, stack(0x0000001005000000,0x0000001005100000) (1024K)]
  0x000001ac68e3ac00 JavaThread "jar transforms Thread 16"          [_thread_blocked, id=62624, stack(0x0000001005100000,0x0000001005200000) (1024K)]
  0x000001ac6fee52f0 JavaThread "C1 CompilerThread1"         daemon [_thread_blocked, id=128408, stack(0x0000001005200000,0x0000001005300000) (1024K)]
  0x000001ac6fee37b0 JavaThread "C2 CompilerThread1"         daemon [_thread_blocked, id=76076, stack(0x0000001005300000,0x0000001005400000) (1024K)]
Total: 232

Other Threads:
  0x000001ac5ddd0f50 VMThread "VM Thread"                           [id=102576, stack(0x0000001075800000,0x0000001075900000) (1024K)]
  0x000001ac5dd419e0 WatcherThread "VM Periodic Task Thread"        [id=69012, stack(0x0000001075700000,0x0000001075800000) (1024K)]
  0x000001ac2d17e100 WorkerThread "GC Thread#0"                     [id=97176, stack(0x0000001075200000,0x0000001075300000) (1024K)]
  0x000001ac63054600 WorkerThread "GC Thread#1"                     [id=102592, stack(0x0000001076700000,0x0000001076800000) (1024K)]
  0x000001ac6358df10 WorkerThread "GC Thread#2"                     [id=87944, stack(0x0000001076800000,0x0000001076900000) (1024K)]
  0x000001ac6358e2c0 WorkerThread "GC Thread#3"                     [id=78576, stack(0x0000001076900000,0x0000001076a00000) (1024K)]
  0x000001ac63454510 WorkerThread "GC Thread#4"                     [id=103020, stack(0x0000001076a00000,0x0000001076b00000) (1024K)]
  0x000001ac63454cc0 WorkerThread "GC Thread#5"                     [id=98680, stack(0x0000001076b00000,0x0000001076c00000) (1024K)]
  0x000001ac633a9f90 WorkerThread "GC Thread#6"                     [id=103024, stack(0x0000001076c00000,0x0000001076d00000) (1024K)]
  0x000001ac633aa340 WorkerThread "GC Thread#7"                     [id=101952, stack(0x0000001076d00000,0x0000001076e00000) (1024K)]
  0x000001ac633aae50 WorkerThread "GC Thread#8"                     [id=101860, stack(0x0000001076e00000,0x0000001076f00000) (1024K)]
  0x000001ac633ab200 WorkerThread "GC Thread#9"                     [id=89304, stack(0x0000001076f00000,0x0000001077000000) (1024K)]
  0x000001ac633a9830 WorkerThread "GC Thread#10"                    [id=87228, stack(0x0000001077000000,0x0000001077100000) (1024K)]
  0x000001ac633a9be0 WorkerThread "GC Thread#11"                    [id=103048, stack(0x0000001077100000,0x0000001077200000) (1024K)]
  0x000001ac633aa6f0 WorkerThread "GC Thread#12"                    [id=101616, stack(0x0000001077200000,0x0000001077300000) (1024K)]
  0x000001ac5ad22620 ConcurrentGCThread "G1 Main Marker"            [id=102140, stack(0x0000001075300000,0x0000001075400000) (1024K)]
  0x000001ac5ad237e0 WorkerThread "G1 Conc#0"                       [id=102072, stack(0x0000001075400000,0x0000001075500000) (1024K)]
  0x000001ac64660e50 WorkerThread "G1 Conc#1"                       [id=102224, stack(0x0000001077f00000,0x0000001078000000) (1024K)]
  0x000001ac646615b0 WorkerThread "G1 Conc#2"                       [id=99520, stack(0x0000001078000000,0x0000001078100000) (1024K)]
  0x000001ac5ae2e890 ConcurrentGCThread "G1 Refine#0"               [id=102524, stack(0x0000001075500000,0x0000001075600000) (1024K)]
  0x000001ac5ae30330 ConcurrentGCThread "G1 Service"                [id=97764, stack(0x0000001075600000,0x0000001075700000) (1024K)]
Total: 21

Threads with active compile tasks:
C2 CompilerThread0  1022511 17295 %     4       groovy.lang.MetaClassImpl$MethodIndexAction::iterate @ 76 (119 bytes)
Total: 1

VM state: not at safepoint (normal execution)

VM Mutex/Monitor currently owned by a thread: None

Heap address: 0x0000000600000000, size: 8192 MB, Compressed Oops mode: Zero based, Oop shift amount: 3

CDS archive(s) not mapped
Compressed class space mapped at: 0x0000000800000000-0x0000000840000000, reserved size: 1073741824
Narrow klass base: 0x0000000800000000, Narrow klass shift: 0, Narrow klass range: 0x40000000

GC Precious Log:
 CardTable entry size: 512
 Card Set container configuration: InlinePtr #cards 4 size 8 Array Of Cards #cards 32 size 80 Howl #buckets 8 coarsen threshold 7372 Howl Bitmap #cards 1024 size 144 coarsen threshold 921 Card regions per heap region 1 cards per card region 8192
 CPUs: 16 total, 16 available
 Memory: 65447M
 Large Page Support: Disabled
 NUMA Support: Disabled
 Compressed Oops: Enabled (Zero based)
 Heap Region Size: 4M
 Heap Min Capacity: 8M
 Heap Initial Capacity: 1G
 Heap Max Capacity: 8G
 Pre-touch: Disabled
 Parallel Workers: 13
 Concurrent Workers: 3
 Concurrent Refinement Workers: 13
 Periodic GC: Disabled

Heap:
 garbage-first heap   total 344064K, used 276572K [0x0000000600000000, 0x0000000800000000)
  region size 4096K, 30 young (122880K), 4 survivors (16384K)
 Metaspace       used 125410K, committed 127744K, reserved 1179648K
  class space    used 17699K, committed 18816K, reserved 1048576K

Heap Regions: E=young(eden), S=young(survivor), O=old, HS=humongous(starts), HC=humongous(continues), CS=collection set, F=free, TAMS=top-at-mark-start, PB=parsable bottom
|   0|0x0000000600000000, 0x0000000600400000, 0x0000000600400000|100%|HS|  |TAMS 0x0000000600000000| PB 0x0000000600000000| Complete 
|   1|0x0000000600400000, 0x0000000600800000, 0x0000000600800000|100%| O|  |TAMS 0x0000000600400000| PB 0x0000000600400000| Untracked 
|   2|0x0000000600800000, 0x0000000600c00000, 0x0000000600c00000|100%| O|  |TAMS 0x0000000600800000| PB 0x0000000600800000| Untracked 
|   3|0x0000000600c00000, 0x0000000601000000, 0x0000000601000000|100%| O|  |TAMS 0x0000000600c00000| PB 0x0000000600c00000| Untracked 
|   4|0x0000000601000000, 0x0000000601400000, 0x0000000601400000|100%| O|  |TAMS 0x0000000601000000| PB 0x0000000601000000| Untracked 
|   5|0x0000000601400000, 0x0000000601800000, 0x0000000601800000|100%|HS|  |TAMS 0x0000000601400000| PB 0x0000000601400000| Complete 
|   6|0x0000000601800000, 0x0000000601c00000, 0x0000000601c00000|100%| O|  |TAMS 0x0000000601800000| PB 0x0000000601800000| Untracked 
|   7|0x0000000601c00000, 0x0000000602000000, 0x0000000602000000|100%| O|  |TAMS 0x0000000601c00000| PB 0x0000000601c00000| Untracked 
|   8|0x0000000602000000, 0x0000000602400000, 0x0000000602400000|100%| O|  |TAMS 0x0000000602000000| PB 0x0000000602000000| Untracked 
|   9|0x0000000602400000, 0x0000000602800000, 0x0000000602800000|100%| O|  |TAMS 0x0000000602400000| PB 0x0000000602400000| Untracked 
|  10|0x0000000602800000, 0x0000000602c00000, 0x0000000602c00000|100%| O|  |TAMS 0x0000000602800000| PB 0x0000000602800000| Untracked 
|  11|0x0000000602c00000, 0x0000000603000000, 0x0000000603000000|100%| O|  |TAMS 0x0000000602c00000| PB 0x0000000602c00000| Untracked 
|  12|0x0000000603000000, 0x0000000603400000, 0x0000000603400000|100%|HS|  |TAMS 0x0000000603000000| PB 0x0000000603000000| Complete 
|  13|0x0000000603400000, 0x00000006037bc9b0, 0x0000000603800000| 93%| O|  |TAMS 0x0000000603400000| PB 0x0000000603400000| Untracked 
|  14|0x0000000603800000, 0x0000000603c00000, 0x0000000603c00000|100%| O|  |TAMS 0x0000000603800000| PB 0x0000000603800000| Untracked 
|  15|0x0000000603c00000, 0x0000000604000000, 0x0000000604000000|100%| O|  |TAMS 0x0000000603c00000| PB 0x0000000603c00000| Untracked 
|  16|0x0000000604000000, 0x0000000604400000, 0x0000000604400000|100%| O|  |TAMS 0x0000000604000000| PB 0x0000000604000000| Untracked 
|  17|0x0000000604400000, 0x0000000604800000, 0x0000000604800000|100%|HS|  |TAMS 0x0000000604400000| PB 0x0000000604400000| Complete 
|  18|0x0000000604800000, 0x0000000604c00000, 0x0000000604c00000|100%| O|  |TAMS 0x0000000604800000| PB 0x0000000604800000| Untracked 
|  19|0x0000000604c00000, 0x0000000605000000, 0x0000000605000000|100%| O|  |TAMS 0x0000000604c00000| PB 0x0000000604c00000| Untracked 
|  20|0x0000000605000000, 0x0000000605400000, 0x0000000605400000|100%| O|  |TAMS 0x0000000605000000| PB 0x0000000605000000| Untracked 
|  21|0x0000000605400000, 0x0000000605800000, 0x0000000605800000|100%| O|  |TAMS 0x0000000605400000| PB 0x0000000605400000| Untracked 
|  22|0x0000000605800000, 0x0000000605800000, 0x0000000605c00000|  0%| F|  |TAMS 0x0000000605800000| PB 0x0000000605800000| Untracked 
|  23|0x0000000605c00000, 0x0000000606000000, 0x0000000606000000|100%| O|  |TAMS 0x0000000605c00000| PB 0x0000000605c00000| Untracked 
|  24|0x0000000606000000, 0x0000000606400000, 0x0000000606400000|100%| O|  |TAMS 0x0000000606000000| PB 0x0000000606000000| Untracked 
|  25|0x0000000606400000, 0x0000000606800000, 0x0000000606800000|100%| O|  |TAMS 0x0000000606400000| PB 0x0000000606400000| Untracked 
|  26|0x0000000606800000, 0x0000000606c00000, 0x0000000606c00000|100%| O|  |TAMS 0x0000000606800000| PB 0x0000000606800000| Untracked 
|  27|0x0000000606c00000, 0x0000000607000000, 0x0000000607000000|100%| O|  |TAMS 0x0000000606c00000| PB 0x0000000606c00000| Untracked 
|  28|0x0000000607000000, 0x0000000607400000, 0x0000000607400000|100%| O|  |TAMS 0x0000000607000000| PB 0x0000000607000000| Untracked 
|  29|0x0000000607400000, 0x0000000607800000, 0x0000000607800000|100%|HS|  |TAMS 0x0000000607400000| PB 0x0000000607400000| Complete 
|  30|0x0000000607800000, 0x0000000607c00000, 0x0000000607c00000|100%| O|  |TAMS 0x0000000607800000| PB 0x0000000607800000| Untracked 
|  31|0x0000000607c00000, 0x0000000608000000, 0x0000000608000000|100%| O|  |TAMS 0x0000000607c00000| PB 0x0000000607c00000| Untracked 
|  32|0x0000000608000000, 0x0000000608400000, 0x0000000608400000|100%| O|  |TAMS 0x0000000608000000| PB 0x0000000608000000| Untracked 
|  33|0x0000000608400000, 0x0000000608800000, 0x0000000608800000|100%| O|  |TAMS 0x0000000608400000| PB 0x0000000608400000| Untracked 
|  34|0x0000000608800000, 0x0000000608c00000, 0x0000000608c00000|100%| O|  |TAMS 0x0000000608800000| PB 0x0000000608800000| Untracked 
|  35|0x0000000608c00000, 0x0000000609000000, 0x0000000609000000|100%| O|  |TAMS 0x0000000608c00000| PB 0x0000000608c00000| Untracked 
|  36|0x0000000609000000, 0x0000000609400000, 0x0000000609400000|100%| O|  |TAMS 0x0000000609000000| PB 0x0000000609000000| Untracked 
|  37|0x0000000609400000, 0x0000000609800000, 0x0000000609800000|100%| O|  |TAMS 0x0000000609400000| PB 0x0000000609400000| Untracked 
|  38|0x0000000609800000, 0x0000000609c00000, 0x0000000609c00000|100%| O|Cm|TAMS 0x0000000609800000| PB 0x0000000609800000| Complete 
|  39|0x0000000609c00000, 0x000000060a000000, 0x000000060a000000|100%| O|Cm|TAMS 0x0000000609c00000| PB 0x0000000609c00000| Complete 
|  40|0x000000060a000000, 0x000000060a400000, 0x000000060a400000|100%| O|  |TAMS 0x000000060a000000| PB 0x000000060a000000| Untracked 
|  41|0x000000060a400000, 0x000000060a400000, 0x000000060a800000|  0%| F|  |TAMS 0x000000060a400000| PB 0x000000060a400000| Untracked 
|  42|0x000000060a800000, 0x000000060a800000, 0x000000060ac00000|  0%| F|  |TAMS 0x000000060a800000| PB 0x000000060a800000| Untracked 
|  43|0x000000060ac00000, 0x000000060ac00000, 0x000000060b000000|  0%| F|  |TAMS 0x000000060ac00000| PB 0x000000060ac00000| Untracked 
|  44|0x000000060b000000, 0x000000060b15e230, 0x000000060b400000| 34%| S|CS|TAMS 0x000000060b000000| PB 0x000000060b000000| Complete 
|  45|0x000000060b400000, 0x000000060b4fc710, 0x000000060b800000| 24%| O|  |TAMS 0x000000060b400000| PB 0x000000060b400000| Untracked 
|  46|0x000000060b800000, 0x000000060bc00000, 0x000000060bc00000|100%| S|CS|TAMS 0x000000060b800000| PB 0x000000060b800000| Complete 
|  47|0x000000060bc00000, 0x000000060c000000, 0x000000060c000000|100%| S|CS|TAMS 0x000000060bc00000| PB 0x000000060bc00000| Complete 
|  48|0x000000060c000000, 0x000000060c400000, 0x000000060c400000|100%| S|CS|TAMS 0x000000060c000000| PB 0x000000060c000000| Complete 
|  49|0x000000060c400000, 0x000000060c400000, 0x000000060c800000|  0%| F|  |TAMS 0x000000060c400000| PB 0x000000060c400000| Untracked 
|  50|0x000000060c800000, 0x000000060c800000, 0x000000060cc00000|  0%| F|  |TAMS 0x000000060c800000| PB 0x000000060c800000| Untracked 
|  51|0x000000060cc00000, 0x000000060cc00000, 0x000000060d000000|  0%| F|  |TAMS 0x000000060cc00000| PB 0x000000060cc00000| Untracked 
|  52|0x000000060d000000, 0x000000060d000000, 0x000000060d400000|  0%| F|  |TAMS 0x000000060d000000| PB 0x000000060d000000| Untracked 
|  53|0x000000060d400000, 0x000000060d400000, 0x000000060d800000|  0%| F|  |TAMS 0x000000060d400000| PB 0x000000060d400000| Untracked 
|  54|0x000000060d800000, 0x000000060d800000, 0x000000060dc00000|  0%| F|  |TAMS 0x000000060d800000| PB 0x000000060d800000| Untracked 
|  55|0x000000060dc00000, 0x000000060dc00000, 0x000000060e000000|  0%| F|  |TAMS 0x000000060dc00000| PB 0x000000060dc00000| Untracked 
|  56|0x000000060e000000, 0x000000060e000000, 0x000000060e400000|  0%| F|  |TAMS 0x000000060e000000| PB 0x000000060e000000| Untracked 
|  57|0x000000060e400000, 0x000000060e400000, 0x000000060e800000|  0%| F|  |TAMS 0x000000060e400000| PB 0x000000060e400000| Untracked 
|  58|0x000000060e800000, 0x000000060eb70b00, 0x000000060ec00000| 86%| E|  |TAMS 0x000000060e800000| PB 0x000000060e800000| Complete 
|  59|0x000000060ec00000, 0x000000060f000000, 0x000000060f000000|100%| E|CS|TAMS 0x000000060ec00000| PB 0x000000060ec00000| Complete 
|  60|0x000000060f000000, 0x000000060f400000, 0x000000060f400000|100%| E|CS|TAMS 0x000000060f000000| PB 0x000000060f000000| Complete 
|  61|0x000000060f400000, 0x000000060f800000, 0x000000060f800000|100%| E|CS|TAMS 0x000000060f400000| PB 0x000000060f400000| Complete 
|  62|0x000000060f800000, 0x000000060fc00000, 0x000000060fc00000|100%| E|CS|TAMS 0x000000060f800000| PB 0x000000060f800000| Complete 
|  63|0x000000060fc00000, 0x0000000610000000, 0x0000000610000000|100%| E|CS|TAMS 0x000000060fc00000| PB 0x000000060fc00000| Complete 
|  64|0x0000000610000000, 0x0000000610400000, 0x0000000610400000|100%| E|CS|TAMS 0x0000000610000000| PB 0x0000000610000000| Complete 
|  65|0x0000000610400000, 0x0000000610800000, 0x0000000610800000|100%| E|CS|TAMS 0x0000000610400000| PB 0x0000000610400000| Complete 
|  66|0x0000000610800000, 0x0000000610c00000, 0x0000000610c00000|100%| E|CS|TAMS 0x0000000610800000| PB 0x0000000610800000| Complete 
|  67|0x0000000610c00000, 0x0000000611000000, 0x0000000611000000|100%| E|CS|TAMS 0x0000000610c00000| PB 0x0000000610c00000| Complete 
|  68|0x0000000611000000, 0x0000000611400000, 0x0000000611400000|100%| E|CS|TAMS 0x0000000611000000| PB 0x0000000611000000| Complete 
|  69|0x0000000611400000, 0x0000000611800000, 0x0000000611800000|100%| E|CS|TAMS 0x0000000611400000| PB 0x0000000611400000| Complete 
|  70|0x0000000611800000, 0x0000000611c00000, 0x0000000611c00000|100%| E|CS|TAMS 0x0000000611800000| PB 0x0000000611800000| Complete 
|  71|0x0000000611c00000, 0x0000000612000000, 0x0000000612000000|100%| E|CS|TAMS 0x0000000611c00000| PB 0x0000000611c00000| Complete 
|  72|0x0000000612000000, 0x0000000612400000, 0x0000000612400000|100%| E|CS|TAMS 0x0000000612000000| PB 0x0000000612000000| Complete 
|  73|0x0000000612400000, 0x0000000612800000, 0x0000000612800000|100%| E|CS|TAMS 0x0000000612400000| PB 0x0000000612400000| Complete 
|  74|0x0000000612800000, 0x0000000612c00000, 0x0000000612c00000|100%| E|CS|TAMS 0x0000000612800000| PB 0x0000000612800000| Complete 
|  75|0x0000000612c00000, 0x0000000613000000, 0x0000000613000000|100%| E|CS|TAMS 0x0000000612c00000| PB 0x0000000612c00000| Complete 
|  76|0x0000000613000000, 0x0000000613400000, 0x0000000613400000|100%| E|CS|TAMS 0x0000000613000000| PB 0x0000000613000000| Complete 
|  77|0x0000000613400000, 0x0000000613800000, 0x0000000613800000|100%| E|CS|TAMS 0x0000000613400000| PB 0x0000000613400000| Complete 
|  78|0x0000000613800000, 0x0000000613c00000, 0x0000000613c00000|100%| E|  |TAMS 0x0000000613800000| PB 0x0000000613800000| Complete 
|  79|0x0000000613c00000, 0x0000000614000000, 0x0000000614000000|100%| E|CS|TAMS 0x0000000613c00000| PB 0x0000000613c00000| Complete 
|  80|0x0000000614000000, 0x0000000614400000, 0x0000000614400000|100%| E|CS|TAMS 0x0000000614000000| PB 0x0000000614000000| Complete 
|  81|0x0000000614400000, 0x0000000614800000, 0x0000000614800000|100%| E|CS|TAMS 0x0000000614400000| PB 0x0000000614400000| Complete 
| 246|0x000000063d800000, 0x000000063dc00000, 0x000000063dc00000|100%| E|CS|TAMS 0x000000063d800000| PB 0x000000063d800000| Complete 
|2047|0x00000007ffc00000, 0x0000000800000000, 0x0000000800000000|100%| E|CS|TAMS 0x00000007ffc00000| PB 0x00000007ffc00000| Complete 

Card table byte_map: [0x000001ac51ce0000,0x000001ac52ce0000] _byte_map_base: 0x000001ac4ece0000

Marking Bits: (CMBitMap*) 0x000001ac2d17e720
 Bits: [0x000001ac52ce0000, 0x000001ac5ace0000)

Polling page: 0x000001ac2afc0000

Metaspace:

Usage:
  Non-class:    105.19 MB used.
      Class:     17.29 MB used.
       Both:    122.47 MB used.

Virtual space:
  Non-class space:      128.00 MB reserved,     106.38 MB ( 83%) committed,  2 nodes.
      Class space:        1.00 GB reserved,      18.38 MB (  2%) committed,  1 nodes.
             Both:        1.12 GB reserved,     124.75 MB ( 11%) committed. 

Chunk freelists:
   Non-Class:  5.58 MB
       Class:  13.58 MB
        Both:  19.16 MB

MaxMetaspaceSize: 4.00 GB
CompressedClassSpaceSize: 1.00 GB
Initial GC threshold: 21.00 MB
Current GC threshold: 207.12 MB
CDS: off
 - commit_granule_bytes: 65536.
 - commit_granule_words: 8192.
 - virtual_space_node_default_size: 8388608.
 - enlarge_chunks_in_place: 1.
 - use_allocation_guard: 0.


Internal statistics:

num_allocs_failed_limit: 9.
num_arena_births: 4448.
num_arena_deaths: 0.
num_vsnodes_births: 3.
num_vsnodes_deaths: 0.
num_space_committed: 1996.
num_space_uncommitted: 0.
num_chunks_returned_to_freelist: 9.
num_chunks_taken_from_freelist: 9964.
num_chunk_merges: 9.
num_chunk_splits: 6516.
num_chunks_enlarged: 4106.
num_inconsistent_stats: 0.

CodeHeap 'non-profiled nmethods': size=258432Kb used=9731Kb max_used=9787Kb free=248700Kb
 bounds [0x000001ac405d0000, 0x000001ac40f80000, 0x000001ac50230000]
CodeHeap 'profiled nmethods': size=258368Kb used=25185Kb max_used=27704Kb free=233182Kb
 bounds [0x000001ac30230000, 0x000001ac31d40000, 0x000001ac3fe80000]
CodeHeap 'non-nmethods': size=7488Kb used=3318Kb max_used=4486Kb free=4169Kb
 bounds [0x000001ac3fe80000, 0x000001ac40350000, 0x000001ac405d0000]
CodeCache: size=524288Kb, used=38234Kb, max_used=41977Kb, free=486051Kb
 total_blobs=13575, nmethods=12545, adapters=932, full_count=0
Compilation: enabled, stopped_count=0, restarted_count=0

Compilation events (20 events):
Event: 1020.402 Thread 0x000001ac5de94fa0 17304       3       org.gradle.api.internal.tasks.DefaultTaskContainer::withType (48 bytes)
Event: 1020.402 Thread 0x000001ac6fee52f0 17305       3       org.gradle.api.internal.tasks.DefaultTaskCollection::withType (10 bytes)
Event: 1020.403 Thread 0x000001ac6fee52f0 nmethod 17305 0x000001ac30e81490 code [0x000001ac30e81680, 0x000001ac30e81c30]
Event: 1020.403 Thread 0x000001ac6fee52f0 17306       3       org.gradle.api.internal.tasks.DefaultRealizableTaskCollection_Decorated::<init> (14 bytes)
Event: 1020.403 Thread 0x000001ac5de94fa0 nmethod 17304 0x000001ac30b09890 code [0x000001ac30b09b00, 0x000001ac30b0ab28]
Event: 1020.403 Thread 0x000001ac5de94fa0 17307       3       org.gradle.api.internal.tasks.DefaultRealizableTaskCollection::<init> (73 bytes)
Event: 1020.403 Thread 0x000001ac5de94fa0 nmethod 17307 0x000001ac30933510 code [0x000001ac309336e0, 0x000001ac30933c20]
Event: 1020.403 Thread 0x000001ac5de94fa0 17308       3       org.gradle.api.internal.tasks.DefaultRealizableTaskCollection_Decorated::$gradleInit (10 bytes)
Event: 1020.403 Thread 0x000001ac6fee52f0 nmethod 17306 0x000001ac318ffa90 code [0x000001ac318ffdc0, 0x000001ac31901218]
Event: 1020.403 Thread 0x000001ac6fee52f0 17309       3       org.gradle.api.internal.tasks.DefaultRealizableTaskCollection_Decorated$$Lambda/0x0000000800862660::<init> (10 bytes)
Event: 1020.404 Thread 0x000001ac5de94fa0 nmethod 17308 0x000001ac3067c190 code [0x000001ac3067c4c0, 0x000001ac3067d860]
Event: 1020.404 Thread 0x000001ac6fee52f0 nmethod 17309 0x000001ac30dc1390 code [0x000001ac30dc1540, 0x000001ac30dc1700]
Event: 1020.404 Thread 0x000001ac6fee52f0 17314       3       sun.net.www.protocol.jar.URLJarFile::close (22 bytes)
Event: 1020.404 Thread 0x000001ac5de94fa0 17310       1       com.android.resources.Density::hashCode (5 bytes)
Event: 1020.404 Thread 0x000001ac5de94fa0 nmethod 17310 0x000001ac40a62b10 code [0x000001ac40a62ca0, 0x000001ac40a62d68]
Event: 1020.404 Thread 0x000001ac5de94fa0 17315       1       org.gradle.api.internal.plugins.DefaultPluginManager::access$000 (5 bytes)
Event: 1020.404 Thread 0x000001ac5de94fa0 nmethod 17315 0x000001ac40a62810 code [0x000001ac40a629a0, 0x000001ac40a62a50]
Event: 1020.404 Thread 0x000001ac6fee52f0 nmethod 17314 0x000001ac30c99110 code [0x000001ac30c992e0, 0x000001ac30c994f0]
Event: 1020.433 Thread 0x000001ac6fee52f0 17316   !   3       org.gradle.launcher.daemon.server.exec.LogToClient$AsynchronousLogDispatcher::run (62 bytes)
Event: 1020.433 Thread 0x000001ac6fee52f0 nmethod 17316 0x000001ac30effa90 code [0x000001ac30effd40, 0x000001ac30f00a40]

GC Heap History (20 events):
Event: 141.169 GC heap before
{Heap before GC invocations=35 (full 0):
 garbage-first heap   total 143360K, used 114370K [0x0000000600000000, 0x0000000800000000)
  region size 4096K, 7 young (28672K), 2 survivors (8192K)
 Metaspace       used 89905K, committed 91840K, reserved 1179648K
  class space    used 12864K, committed 13824K, reserved 1048576K
}
Event: 141.172 GC heap after
{Heap after GC invocations=36 (full 0):
 garbage-first heap   total 598016K, used 100597K [0x0000000600000000, 0x0000000800000000)
  region size 4096K, 1 young (4096K), 1 survivors (4096K)
 Metaspace       used 89905K, committed 91840K, reserved 1179648K
  class space    used 12864K, committed 13824K, reserved 1048576K
}
Event: 151.805 GC heap before
{Heap before GC invocations=37 (full 0):
 garbage-first heap   total 344064K, used 297205K [0x0000000600000000, 0x0000000800000000)
  region size 4096K, 50 young (204800K), 1 survivors (4096K)
 Metaspace       used 105671K, committed 107712K, reserved 1179648K
  class space    used 14865K, committed 15872K, reserved 1048576K
}
Event: 151.811 GC heap after
{Heap after GC invocations=38 (full 0):
 garbage-first heap   total 344064K, used 114118K [0x0000000600000000, 0x0000000800000000)
  region size 4096K, 4 young (16384K), 4 survivors (16384K)
 Metaspace       used 105671K, committed 107712K, reserved 1179648K
  class space    used 14865K, committed 15872K, reserved 1048576K
}
Event: 165.333 GC heap before
{Heap before GC invocations=38 (full 0):
 garbage-first heap   total 344064K, used 269766K [0x0000000600000000, 0x0000000800000000)
  region size 4096K, 42 young (172032K), 4 survivors (16384K)
 Metaspace       used 114422K, committed 116480K, reserved 1179648K
  class space    used 16264K, committed 17280K, reserved 1048576K
}
Event: 165.339 GC heap after
{Heap after GC invocations=39 (full 0):
 garbage-first heap   total 344064K, used 117770K [0x0000000600000000, 0x0000000800000000)
  region size 4096K, 2 young (8192K), 2 survivors (8192K)
 Metaspace       used 114422K, committed 116480K, reserved 1179648K
  class space    used 16264K, committed 17280K, reserved 1048576K
}
Event: 284.726 GC heap before
{Heap before GC invocations=39 (full 0):
 garbage-first heap   total 344064K, used 273418K [0x0000000600000000, 0x0000000800000000)
  region size 4096K, 41 young (167936K), 2 survivors (8192K)
 Metaspace       used 120344K, committed 122496K, reserved 1179648K
  class space    used 16944K, committed 17984K, reserved 1048576K
}
Event: 284.732 GC heap after
{Heap after GC invocations=40 (full 0):
 garbage-first heap   total 344064K, used 126114K [0x0000000600000000, 0x0000000800000000)
  region size 4096K, 4 young (16384K), 4 survivors (16384K)
 Metaspace       used 120344K, committed 122496K, reserved 1179648K
  class space    used 16944K, committed 17984K, reserved 1048576K
}
Event: 361.062 GC heap before
{Heap before GC invocations=41 (full 0):
 garbage-first heap   total 344064K, used 289954K [0x0000000600000000, 0x0000000800000000)
  region size 4096K, 44 young (180224K), 4 survivors (16384K)
 Metaspace       used 120381K, committed 122496K, reserved 1179648K
  class space    used 16945K, committed 17984K, reserved 1048576K
}
Event: 361.067 GC heap after
{Heap after GC invocations=42 (full 0):
 garbage-first heap   total 344064K, used 131295K [0x0000000600000000, 0x0000000800000000)
  region size 4096K, 4 young (16384K), 4 survivors (16384K)
 Metaspace       used 120381K, committed 122496K, reserved 1179648K
  class space    used 16945K, committed 17984K, reserved 1048576K
}
Event: 545.730 GC heap before
{Heap before GC invocations=42 (full 0):
 garbage-first heap   total 344064K, used 299231K [0x0000000600000000, 0x0000000800000000)
  region size 4096K, 45 young (184320K), 4 survivors (16384K)
 Metaspace       used 123977K, committed 126144K, reserved 1179648K
  class space    used 17539K, committed 18624K, reserved 1048576K
}
Event: 545.745 GC heap after
{Heap after GC invocations=43 (full 0):
 garbage-first heap   total 344064K, used 147314K [0x0000000600000000, 0x0000000800000000)
  region size 4096K, 6 young (24576K), 6 survivors (24576K)
 Metaspace       used 123977K, committed 126144K, reserved 1179648K
  class space    used 17539K, committed 18624K, reserved 1048576K
}
Event: 607.285 GC heap before
{Heap before GC invocations=43 (full 0):
 garbage-first heap   total 344064K, used 294770K [0x0000000600000000, 0x0000000800000000)
  region size 4096K, 42 young (172032K), 6 survivors (24576K)
 Metaspace       used 124094K, committed 126336K, reserved 1179648K
  class space    used 17545K, committed 18624K, reserved 1048576K
}
Event: 607.292 GC heap after
{Heap after GC invocations=44 (full 0):
 garbage-first heap   total 344064K, used 155079K [0x0000000600000000, 0x0000000800000000)
  region size 4096K, 3 young (12288K), 3 survivors (12288K)
 Metaspace       used 124094K, committed 126336K, reserved 1179648K
  class space    used 17545K, committed 18624K, reserved 1048576K
}
Event: 710.706 GC heap before
{Heap before GC invocations=45 (full 0):
 garbage-first heap   total 344064K, used 298439K [0x0000000600000000, 0x0000000800000000)
  region size 4096K, 38 young (155648K), 3 survivors (12288K)
 Metaspace       used 124670K, committed 126976K, reserved 1179648K
  class space    used 17633K, committed 18752K, reserved 1048576K
}
Event: 710.711 GC heap after
{Heap after GC invocations=46 (full 0):
 garbage-first heap   total 344064K, used 166897K [0x0000000600000000, 0x0000000800000000)
  region size 4096K, 5 young (20480K), 5 survivors (20480K)
 Metaspace       used 124670K, committed 126976K, reserved 1179648K
  class space    used 17633K, committed 18752K, reserved 1048576K
}
Event: 917.973 GC heap before
{Heap before GC invocations=46 (full 0):
 garbage-first heap   total 344064K, used 297969K [0x0000000600000000, 0x0000000800000000)
  region size 4096K, 38 young (155648K), 5 survivors (20480K)
 Metaspace       used 124952K, committed 127232K, reserved 1179648K
  class space    used 17653K, committed 18752K, reserved 1048576K
}
Event: 917.979 GC heap after
{Heap after GC invocations=47 (full 0):
 garbage-first heap   total 344064K, used 167163K [0x0000000600000000, 0x0000000800000000)
  region size 4096K, 2 young (8192K), 2 survivors (8192K)
 Metaspace       used 124952K, committed 127232K, reserved 1179648K
  class space    used 17653K, committed 18752K, reserved 1048576K
}
Event: 918.157 GC heap before
{Heap before GC invocations=47 (full 0):
 garbage-first heap   total 344064K, used 298235K [0x0000000600000000, 0x0000000800000000)
  region size 4096K, 35 young (143360K), 2 survivors (8192K)
 Metaspace       used 124968K, committed 127232K, reserved 1179648K
  class space    used 17653K, committed 18752K, reserved 1048576K
}
Event: 918.161 GC heap after
{Heap after GC invocations=48 (full 0):
 garbage-first heap   total 344064K, used 174172K [0x0000000600000000, 0x0000000800000000)
  region size 4096K, 4 young (16384K), 4 survivors (16384K)
 Metaspace       used 124968K, committed 127232K, reserved 1179648K
  class space    used 17653K, committed 18752K, reserved 1048576K
}

Dll operation events (3 events):
Event: 0.007 Loaded shared library C:\Program Files\Android\Android Studio\jbr\bin\java.dll
Event: 0.016 Loaded shared library C:\Program Files\Android\Android Studio\jbr\bin\zip.dll
Event: 0.610 Loaded shared library C:\Program Files\Android\Android Studio\jbr\bin\verify.dll

Deoptimization events (20 events):
Event: 956.799 Thread 0x000001ac64d70150 Uncommon trap: trap_request=0xffffffc6 fr.pc=0x000001ac40b4866c relative=0x000000000000032c
Event: 956.799 Thread 0x000001ac64d70150 Uncommon trap: reason=bimorphic_or_optimized_type_check action=maybe_recompile pc=0x000001ac40b4866c method=java.util.stream.StreamOpFlag.fromCharacteristics(Ljava/util/Spliterator;)I @ 14 c2
Event: 956.799 Thread 0x000001ac64d70150 DEOPT PACKING pc=0x000001ac40b4866c sp=0x0000001077bf5890
Event: 956.799 Thread 0x000001ac64d70150 DEOPT UNPACKING pc=0x000001ac3fed4422 sp=0x0000001077bf57e0 mode 2
Event: 988.326 Thread 0x000001ac64d70150 Uncommon trap: trap_request=0xffffffbe fr.pc=0x000001ac4090d060 relative=0x0000000000000d20
Event: 988.326 Thread 0x000001ac64d70150 Uncommon trap: reason=profile_predicate action=maybe_recompile pc=0x000001ac4090d060 method=org.gradle.api.internal.attributes.DefaultMutableAttributeContainer.checkInsertionAllowed(Lorg/gradle/api/attributes/Attribute;)V @ 58 c2
Event: 988.326 Thread 0x000001ac64d70150 DEOPT PACKING pc=0x000001ac4090d060 sp=0x0000001077bf9730
Event: 988.326 Thread 0x000001ac64d70150 DEOPT UNPACKING pc=0x000001ac3fed4422 sp=0x0000001077bf96d8 mode 2
Event: 988.326 Thread 0x000001ac64d70150 Uncommon trap: trap_request=0xffffffbe fr.pc=0x000001ac4090d060 relative=0x0000000000000d20
Event: 988.326 Thread 0x000001ac64d70150 Uncommon trap: reason=profile_predicate action=maybe_recompile pc=0x000001ac4090d060 method=org.gradle.api.internal.attributes.DefaultMutableAttributeContainer.checkInsertionAllowed(Lorg/gradle/api/attributes/Attribute;)V @ 58 c2
Event: 988.326 Thread 0x000001ac64d70150 DEOPT PACKING pc=0x000001ac4090d060 sp=0x0000001077bf9730
Event: 988.326 Thread 0x000001ac64d70150 DEOPT UNPACKING pc=0x000001ac3fed4422 sp=0x0000001077bf96d8 mode 2
Event: 988.326 Thread 0x000001ac64d70150 Uncommon trap: trap_request=0xffffffbe fr.pc=0x000001ac4090d060 relative=0x0000000000000d20
Event: 988.326 Thread 0x000001ac64d70150 Uncommon trap: reason=profile_predicate action=maybe_recompile pc=0x000001ac4090d060 method=org.gradle.api.internal.attributes.DefaultMutableAttributeContainer.checkInsertionAllowed(Lorg/gradle/api/attributes/Attribute;)V @ 58 c2
Event: 988.326 Thread 0x000001ac64d70150 DEOPT PACKING pc=0x000001ac4090d060 sp=0x0000001077bf9730
Event: 988.326 Thread 0x000001ac64d70150 DEOPT UNPACKING pc=0x000001ac3fed4422 sp=0x0000001077bf96d8 mode 2
Event: 988.327 Thread 0x000001ac64d70150 Uncommon trap: trap_request=0xffffffbe fr.pc=0x000001ac4090d060 relative=0x0000000000000d20
Event: 988.327 Thread 0x000001ac64d70150 Uncommon trap: reason=profile_predicate action=maybe_recompile pc=0x000001ac4090d060 method=org.gradle.api.internal.attributes.DefaultMutableAttributeContainer.checkInsertionAllowed(Lorg/gradle/api/attributes/Attribute;)V @ 58 c2
Event: 988.327 Thread 0x000001ac64d70150 DEOPT PACKING pc=0x000001ac4090d060 sp=0x0000001077bf9680
Event: 988.327 Thread 0x000001ac64d70150 DEOPT UNPACKING pc=0x000001ac3fed4422 sp=0x0000001077bf9628 mode 2

Classes loaded (20 events):
Event: 706.511 Loading class java/util/regex/MatcherCustomizer
Event: 706.511 Loading class java/util/regex/MatcherCustomizer done
Event: 706.511 Loading class java/util/regex/MatcherCustomizer
Event: 706.511 Loading class java/util/regex/MatcherCustomizer done
Event: 956.766 Loading class java/util/ArrayListBeanInfo
Event: 956.766 Loading class java/util/ArrayListBeanInfo done
Event: 956.767 Loading class java/util/ArrayListBeanInfo
Event: 956.767 Loading class java/util/ArrayListBeanInfo done
Event: 956.767 Loading class java/util/AbstractListBeanInfo
Event: 956.767 Loading class java/util/AbstractListBeanInfo done
Event: 956.767 Loading class java/util/AbstractListBeanInfo
Event: 956.767 Loading class java/util/AbstractListBeanInfo done
Event: 956.767 Loading class java/util/AbstractListCustomizer
Event: 956.767 Loading class java/util/AbstractListCustomizer done
Event: 956.767 Loading class java/util/AbstractListCustomizer
Event: 956.767 Loading class java/util/AbstractListCustomizer done
Event: 956.768 Loading class java/util/ArrayListCustomizer
Event: 956.768 Loading class java/util/ArrayListCustomizer done
Event: 956.768 Loading class java/util/ArrayListCustomizer
Event: 956.768 Loading class java/util/ArrayListCustomizer done

Classes unloaded (0 events):
No events

Classes redefined (0 events):
No events

Internal exceptions (20 events):
Event: 992.015 Thread 0x000001ac646f70c0 Exception <a 'sun/nio/fs/WindowsException'{0x000000060f773f50}> (0x000000060f773f50) 
thrown [s\src\hotspot\share\prims\jni.cpp, line 537]
Event: 992.015 Thread 0x000001ac646f70c0 Exception <a 'sun/nio/fs/WindowsException'{0x000000060f777d78}> (0x000000060f777d78) 
thrown [s\src\hotspot\share\prims\jni.cpp, line 537]
Event: 1002.018 Thread 0x000001ac646f70c0 Exception <a 'sun/nio/fs/WindowsException'{0x000000060f799e88}> (0x000000060f799e88) 
thrown [s\src\hotspot\share\prims\jni.cpp, line 537]
Event: 1002.019 Thread 0x000001ac646f70c0 Exception <a 'sun/nio/fs/WindowsException'{0x000000060f1d06a0}> (0x000000060f1d06a0) 
thrown [s\src\hotspot\share\prims\jni.cpp, line 537]
Event: 1005.593 Thread 0x000001ac6fa1b420 Exception <a 'sun/nio/fs/WindowsException'{0x000000060f2d0f40}> (0x000000060f2d0f40) 
thrown [s\src\hotspot\share\prims\jni.cpp, line 537]
Event: 1005.814 Thread 0x000001ac64d70150 Exception <a 'sun/nio/fs/WindowsException'{0x000000060f27bd88}> (0x000000060f27bd88) 
thrown [s\src\hotspot\share\prims\jni.cpp, line 537]
Event: 1005.814 Thread 0x000001ac64d70150 Exception <a 'java/lang/ClassNotFoundException'{0x000000060f2827e0}: build_2slri9z9az5smn6xobynpfbraBeanInfo> (0x000000060f2827e0) 
thrown [s\src\hotspot\share\classfile\systemDictionary.cpp, line 312]
Event: 1005.814 Thread 0x000001ac64d70150 Exception <a 'sun/nio/fs/WindowsException'{0x000000060f284390}> (0x000000060f284390) 
thrown [s\src\hotspot\share\prims\jni.cpp, line 537]
Event: 1005.814 Thread 0x000001ac64d70150 Exception <a 'java/lang/ClassNotFoundException'{0x000000060f28adf8}: build_2slri9z9az5smn6xobynpfbraCustomizer> (0x000000060f28adf8) 
thrown [s\src\hotspot\share\classfile\systemDictionary.cpp, line 312]
Event: 1005.819 Thread 0x000001ac64d70150 Exception <a 'sun/nio/fs/WindowsException'{0x000000060f2bea38}> (0x000000060f2bea38) 
thrown [s\src\hotspot\share\prims\jni.cpp, line 537]
Event: 1005.824 Thread 0x000001ac64d70150 Exception <a 'sun/nio/fs/WindowsException'{0x000000060f3d4068}> (0x000000060f3d4068) 
thrown [s\src\hotspot\share\prims\jni.cpp, line 537]
Event: 1012.017 Thread 0x000001ac646f70c0 Exception <a 'sun/nio/fs/WindowsException'{0x000000060f1f2798}> (0x000000060f1f2798) 
thrown [s\src\hotspot\share\prims\jni.cpp, line 537]
Event: 1012.018 Thread 0x000001ac646f70c0 Exception <a 'sun/nio/fs/WindowsException'{0x000000060edd5108}> (0x000000060edd5108) 
thrown [s\src\hotspot\share\prims\jni.cpp, line 537]
Event: 1019.165 Thread 0x000001ac68e30e80 Exception <a 'sun/nio/fs/WindowsException'{0x000000060efb2648}> (0x000000060efb2648) 
thrown [s\src\hotspot\share\prims\jni.cpp, line 537]
Event: 1019.385 Thread 0x000001ac64d70150 Exception <a 'sun/nio/fs/WindowsException'{0x000000060e800388}> (0x000000060e800388) 
thrown [s\src\hotspot\share\prims\jni.cpp, line 537]
Event: 1019.386 Thread 0x000001ac64d70150 Exception <a 'java/lang/ClassNotFoundException'{0x000000060e806d80}: build_2slri9z9az5smn6xobynpfbraBeanInfo> (0x000000060e806d80) 
thrown [s\src\hotspot\share\classfile\systemDictionary.cpp, line 312]
Event: 1019.386 Thread 0x000001ac64d70150 Exception <a 'sun/nio/fs/WindowsException'{0x000000060e808920}> (0x000000060e808920) 
thrown [s\src\hotspot\share\prims\jni.cpp, line 537]
Event: 1019.386 Thread 0x000001ac64d70150 Exception <a 'java/lang/ClassNotFoundException'{0x000000060e80f328}: build_2slri9z9az5smn6xobynpfbraCustomizer> (0x000000060e80f328) 
thrown [s\src\hotspot\share\classfile\systemDictionary.cpp, line 312]
Event: 1022.009 Thread 0x000001ac646f70c0 Exception <a 'sun/nio/fs/WindowsException'{0x000000060edf6e78}> (0x000000060edf6e78) 
thrown [s\src\hotspot\share\prims\jni.cpp, line 537]
Event: 1022.010 Thread 0x000001ac646f70c0 Exception <a 'sun/nio/fs/WindowsException'{0x000000060e9ba250}> (0x000000060e9ba250) 
thrown [s\src\hotspot\share\prims\jni.cpp, line 537]

ZGC Phase Switch (0 events):
No events

VM Operations (20 events):
Event: 957.676 Executing safepoint VM operation: Cleanup
Event: 957.676 Executing safepoint VM operation: Cleanup done
Event: 958.677 Executing safepoint VM operation: Cleanup
Event: 958.677 Executing safepoint VM operation: Cleanup done
Event: 959.686 Executing safepoint VM operation: Cleanup
Event: 959.686 Executing safepoint VM operation: Cleanup done
Event: 960.695 Executing safepoint VM operation: Cleanup
Event: 960.696 Executing safepoint VM operation: Cleanup done
Event: 962.313 Executing non-safepoint VM operation: HandshakeAllThreads (HandshakeForDeflation)
Event: 962.313 Executing non-safepoint VM operation: HandshakeAllThreads (HandshakeForDeflation) done
Event: 962.313 Executing non-safepoint VM operation: RendezvousGCThreads
Event: 962.313 Executing non-safepoint VM operation: RendezvousGCThreads done
Event: 978.468 Executing safepoint VM operation: Cleanup
Event: 978.468 Executing safepoint VM operation: Cleanup done
Event: 988.567 Executing safepoint VM operation: Cleanup
Event: 988.567 Executing safepoint VM operation: Cleanup done
Event: 1006.735 Executing safepoint VM operation: Cleanup
Event: 1006.735 Executing safepoint VM operation: Cleanup done
Event: 1019.860 Executing safepoint VM operation: Cleanup
Event: 1019.860 Executing safepoint VM operation: Cleanup done

Memory protections (0 events):
No events

Nmethod flushes (20 events):
Event: 918.236 Thread 0x000001ac5ddd0f50 flushing  nmethod 0x000001ac3085ab90
Event: 918.236 Thread 0x000001ac5ddd0f50 flushing  nmethod 0x000001ac3091f990
Event: 918.236 Thread 0x000001ac5ddd0f50 flushing  nmethod 0x000001ac30921310
Event: 918.236 Thread 0x000001ac5ddd0f50 flushing  nmethod 0x000001ac30929790
Event: 918.236 Thread 0x000001ac5ddd0f50 flushing  nmethod 0x000001ac3092a090
Event: 918.236 Thread 0x000001ac5ddd0f50 flushing  nmethod 0x000001ac30b60b10
Event: 918.236 Thread 0x000001ac5ddd0f50 flushing  nmethod 0x000001ac30b64110
Event: 918.236 Thread 0x000001ac5ddd0f50 flushing  nmethod 0x000001ac30bbbb90
Event: 918.236 Thread 0x000001ac5ddd0f50 flushing  nmethod 0x000001ac30c4d190
Event: 918.236 Thread 0x000001ac5ddd0f50 flushing  nmethod 0x000001ac30d4b690
Event: 918.236 Thread 0x000001ac5ddd0f50 flushing  nmethod 0x000001ac30eeaa10
Event: 918.236 Thread 0x000001ac5ddd0f50 flushing  nmethod 0x000001ac30eec210
Event: 918.236 Thread 0x000001ac5ddd0f50 flushing  nmethod 0x000001ac30eece10
Event: 918.236 Thread 0x000001ac5ddd0f50 flushing  nmethod 0x000001ac30ef0990
Event: 918.236 Thread 0x000001ac5ddd0f50 flushing  nmethod 0x000001ac30f97b90
Event: 918.236 Thread 0x000001ac5ddd0f50 flushing  nmethod 0x000001ac30f9b010
Event: 918.236 Thread 0x000001ac5ddd0f50 flushing  nmethod 0x000001ac31028110
Event: 918.236 Thread 0x000001ac5ddd0f50 flushing  nmethod 0x000001ac31028a10
Event: 918.236 Thread 0x000001ac5ddd0f50 flushing  nmethod 0x000001ac31029290
Event: 918.236 Thread 0x000001ac5ddd0f50 flushing  nmethod 0x000001ac31924110

Events (20 events):
Event: 948.060 Thread 0x000001ac64d70150 Thread added: 0x000001ac68e37e10
Event: 948.062 Thread 0x000001ac6fee4c20 Thread exited: 0x000001ac6fee4c20
Event: 956.529 Thread 0x000001ac64d70150 Thread added: 0x000001ac68e39ee0
Event: 956.530 Thread 0x000001ac5de94fa0 Thread added: 0x000001ac6fee4c20
Event: 956.762 Thread 0x000001ac5de94fa0 Thread added: 0x000001ac6fee3e80
Event: 957.721 Thread 0x000001ac6fee4c20 Thread exited: 0x000001ac6fee4c20
Event: 958.725 Thread 0x000001ac6fee3e80 Thread exited: 0x000001ac6fee3e80
Event: 977.789 Thread 0x000001ac64d70150 Thread added: 0x000001ac68e39850
Event: 988.054 Thread 0x000001ac64d70150 Thread added: 0x000001ac68e3ac00
Event: 988.368 Thread 0x000001ac5de94fa0 Thread added: 0x000001ac6fee37b0
Event: 988.373 Thread 0x000001ac5de94fa0 Thread added: 0x000001ac6fee3e80
Event: 988.373 Thread 0x000001ac5de94fa0 Thread added: 0x000001ac6fee4550
Event: 988.373 Thread 0x000001ac5de94fa0 Thread added: 0x000001ac6fee6090
Event: 988.386 Thread 0x000001ac5de94fa0 Thread added: 0x000001ac6fee4c20
Event: 993.284 Thread 0x000001ac6fee4c20 Thread exited: 0x000001ac6fee4c20
Event: 993.284 Thread 0x000001ac6fee6090 Thread exited: 0x000001ac6fee6090
Event: 993.284 Thread 0x000001ac6fee37b0 Thread exited: 0x000001ac6fee37b0
Event: 998.298 Thread 0x000001ac6fee3e80 Thread exited: 0x000001ac6fee3e80
Event: 998.298 Thread 0x000001ac6fee4550 Thread exited: 0x000001ac6fee4550
Event: 1020.402 Thread 0x000001ac5de94fa0 Thread added: 0x000001ac6fee52f0


Dynamic libraries:
0x00007ff69d890000 - 0x00007ff69d89a000 	C:\Program Files\Android\Android Studio\jbr\bin\java.exe
0x00007ffc9d7c0000 - 0x00007ffc9da27000 	C:\WINDOWS\SYSTEM32\ntdll.dll
0x00007ffc9d1e0000 - 0x00007ffc9d2a9000 	C:\WINDOWS\System32\KERNEL32.DLL
0x00007ffc9abc0000 - 0x00007ffc9afb4000 	C:\WINDOWS\System32\KERNELBASE.dll
0x00007ffc6e0e0000 - 0x00007ffc6e0fb000 	C:\Program Files\Android\Android Studio\jbr\bin\VCRUNTIME140.dll
0x00007ffc9b290000 - 0x00007ffc9b3db000 	C:\WINDOWS\System32\ucrtbase.dll
0x00007ffc93690000 - 0x00007ffc936a8000 	C:\Program Files\Android\Android Studio\jbr\bin\jli.dll
0x00007ffc9ce60000 - 0x00007ffc9d025000 	C:\WINDOWS\System32\USER32.dll
0x00007ffc7d450000 - 0x00007ffc7d6e3000 	C:\WINDOWS\WinSxS\amd64_microsoft.windows.common-controls_6595b64144ccf1df_6.0.26100.8115_none_3e075c82e3354f9c\COMCTL32.dll
0x00007ffc9b1a0000 - 0x00007ffc9b1c7000 	C:\WINDOWS\System32\win32u.dll
0x00007ffc9d6d0000 - 0x00007ffc9d779000 	C:\WINDOWS\System32\msvcrt.dll
0x00007ffc9bd30000 - 0x00007ffc9bd5b000 	C:\WINDOWS\System32\GDI32.dll
0x00007ffc9afc0000 - 0x00007ffc9b0ea000 	C:\WINDOWS\System32\gdi32full.dll
0x00007ffc9b0f0000 - 0x00007ffc9b193000 	C:\WINDOWS\System32\msvcp_win.dll
0x00007ffc9d1a0000 - 0x00007ffc9d1d2000 	C:\WINDOWS\System32\IMM32.DLL
0x00007ffc743a0000 - 0x00007ffc743ac000 	C:\Program Files\Android\Android Studio\jbr\bin\vcruntime140_1.dll
0x00007ffc144c0000 - 0x00007ffc1454d000 	C:\Program Files\Android\Android Studio\jbr\bin\msvcp140.dll
0x00007ffbaff90000 - 0x00007ffbb0c26000 	C:\Program Files\Android\Android Studio\jbr\bin\server\jvm.dll
0x00007ffc9c0f0000 - 0x00007ffc9c1a6000 	C:\WINDOWS\System32\ADVAPI32.dll
0x00007ffc9d560000 - 0x00007ffc9d607000 	C:\WINDOWS\System32\sechost.dll
0x00007ffc9d420000 - 0x00007ffc9d538000 	C:\WINDOWS\System32\RPCRT4.dll
0x00007ffc9d2b0000 - 0x00007ffc9d330000 	C:\WINDOWS\System32\WS2_32.dll
0x00007ffc99d40000 - 0x00007ffc99d9e000 	C:\WINDOWS\SYSTEM32\POWRPROF.dll
0x00007ffc90380000 - 0x00007ffc903b6000 	C:\WINDOWS\SYSTEM32\WINMM.dll
0x00007ffc95b20000 - 0x00007ffc95b2b000 	C:\WINDOWS\SYSTEM32\VERSION.dll
0x00007ffc99c60000 - 0x00007ffc99c74000 	C:\WINDOWS\SYSTEM32\UMPDC.dll
0x00007ffc98de0000 - 0x00007ffc98dfb000 	C:\WINDOWS\SYSTEM32\kernel.appcore.dll
0x00007ffc72c00000 - 0x00007ffc72c0a000 	C:\Program Files\Android\Android Studio\jbr\bin\jimage.dll
0x00007ffc8f8f0000 - 0x00007ffc8fb32000 	C:\WINDOWS\SYSTEM32\DBGHELP.DLL
0x00007ffc9b840000 - 0x00007ffc9bbc2000 	C:\WINDOWS\System32\combase.dll
0x00007ffc9d030000 - 0x00007ffc9d107000 	C:\WINDOWS\System32\OLEAUT32.dll
0x00007ffc82400000 - 0x00007ffc8243b000 	C:\WINDOWS\SYSTEM32\dbgcore.DLL
0x00007ffc9ab10000 - 0x00007ffc9abb5000 	C:\WINDOWS\System32\bcryptPrimitives.dll
0x00007ffc937d0000 - 0x00007ffc937de000 	C:\Program Files\Android\Android Studio\jbr\bin\instrument.dll
0x00007ffc6e0c0000 - 0x00007ffc6e0e0000 	C:\Program Files\Android\Android Studio\jbr\bin\java.dll
0x00007ffc6da30000 - 0x00007ffc6da48000 	C:\Program Files\Android\Android Studio\jbr\bin\zip.dll
0x00007ffc9c6f0000 - 0x00007ffc9ce56000 	C:\WINDOWS\System32\SHELL32.dll
0x00007ffc9b3e0000 - 0x00007ffc9b54a000 	C:\WINDOWS\System32\wintypes.dll
0x00007ffc9a090000 - 0x00007ffc9a8f5000 	C:\WINDOWS\System32\windows.storage.dll
0x00007ffc9b740000 - 0x00007ffc9b837000 	C:\WINDOWS\System32\SHCORE.dll
0x00007ffc9c1f0000 - 0x00007ffc9c256000 	C:\WINDOWS\System32\shlwapi.dll
0x00007ffc99fb0000 - 0x00007ffc99fd9000 	C:\WINDOWS\SYSTEM32\profapi.dll
0x00007ffc71650000 - 0x00007ffc71660000 	C:\Program Files\Android\Android Studio\jbr\bin\net.dll
0x00007ffc95640000 - 0x00007ffc9576d000 	C:\WINDOWS\SYSTEM32\WINHTTP.dll
0x00007ffc99330000 - 0x00007ffc9939c000 	C:\WINDOWS\system32\mswsock.dll
0x00007ffc6c010000 - 0x00007ffc6c026000 	C:\Program Files\Android\Android Studio\jbr\bin\nio.dll
0x00007ffc6be90000 - 0x00007ffc6bea0000 	C:\Program Files\Android\Android Studio\jbr\bin\verify.dll
0x00007ffc79be0000 - 0x00007ffc79c07000 	C:\Users\USER-5\.gradle\native\1def1411415f61bf3af743bc5b6707747c0891f09f0c88961ee8f79bc544acac\windows-amd64\native-platform.dll
0x00007ffc3c690000 - 0x00007ffc3c708000 	C:\Users\USER-5\.gradle\native\0.2.7\x86_64-windows-gnu\gradle-fileevents.dll
0x00007ffc6e250000 - 0x00007ffc6e259000 	C:\Program Files\Android\Android Studio\jbr\bin\management.dll
0x00007ffc6da20000 - 0x00007ffc6da2b000 	C:\Program Files\Android\Android Studio\jbr\bin\management_ext.dll
0x00007ffc9b730000 - 0x00007ffc9b738000 	C:\WINDOWS\System32\PSAPI.DLL
0x00007ffc986e0000 - 0x00007ffc98712000 	C:\WINDOWS\SYSTEM32\IPHLPAPI.DLL
0x00007ffc9d550000 - 0x00007ffc9d55a000 	C:\WINDOWS\System32\NSI.dll
0x00007ffc6e4b0000 - 0x00007ffc6e4b9000 	C:\Program Files\Android\Android Studio\jbr\bin\extnet.dll
0x00007ffc99730000 - 0x00007ffc9974b000 	C:\WINDOWS\SYSTEM32\CRYPTSP.dll
0x00007ffc98d40000 - 0x00007ffc98d79000 	C:\WINDOWS\system32\rsaenh.dll
0x00007ffc993e0000 - 0x00007ffc99413000 	C:\WINDOWS\SYSTEM32\USERENV.dll
0x00007ffc99f80000 - 0x00007ffc99faa000 	C:\WINDOWS\SYSTEM32\bcrypt.dll
0x00007ffc99590000 - 0x00007ffc9959c000 	C:\WINDOWS\SYSTEM32\CRYPTBASE.dll
0x00007ffc57d30000 - 0x00007ffc57d38000 	C:\WINDOWS\system32\wshunix.dll
0x00007ffc41c10000 - 0x00007ffc41c28000 	C:\WINDOWS\system32\napinsp.dll
0x00007ffc98850000 - 0x00007ffc98982000 	C:\WINDOWS\SYSTEM32\DNSAPI.dll
0x00007ffc41c30000 - 0x00007ffc41c43000 	C:\WINDOWS\System32\winrnr.dll
0x00007ffc41c50000 - 0x00007ffc41c72000 	C:\WINDOWS\system32\nlansp_c.dll
0x00007ffc77310000 - 0x00007ffc77326000 	C:\WINDOWS\system32\wshbth.dll
0x00007ffc82bb0000 - 0x00007ffc82bbb000 	C:\Windows\System32\rasadhlp.dll
0x00007ffc94cb0000 - 0x00007ffc94d36000 	C:\WINDOWS\System32\fwpuclnt.dll

JVMTI agents:
C:\Users\USER-5\.gradle\wrapper\dists\gradle-8.14-all\c2qonpi39x1mddn7hk5gh9iqj\gradle-8.14\lib\agents\gradle-instrumentation-agent-8.14.jar path:C:\Program Files\Android\Android Studio\jbr\bin\instrument.dll, loaded, initialized, instrumentlib options:none

dbghelp: loaded successfully - version: 4.0.5 - missing functions: none
symbol engine: initialized successfully - sym options: 0x614 - pdb path: .;C:\Program Files\Android\Android Studio\jbr\bin;C:\WINDOWS\SYSTEM32;C:\WINDOWS\WinSxS\amd64_microsoft.windows.common-controls_6595b64144ccf1df_6.0.26100.8115_none_3e075c82e3354f9c;C:\Program Files\Android\Android Studio\jbr\bin\server;C:\Users\USER-5\.gradle\native\1def1411415f61bf3af743bc5b6707747c0891f09f0c88961ee8f79bc544acac\windows-amd64;C:\Users\USER-5\.gradle\native\0.2.7\x86_64-windows-gnu

VM Arguments:
jvm_args: --add-opens=java.base/java.lang=ALL-UNNAMED --add-opens=java.base/java.lang.invoke=ALL-UNNAMED --add-opens=java.base/java.util=ALL-UNNAMED --add-opens=java.prefs/java.util.prefs=ALL-UNNAMED --add-exports=jdk.compiler/com.sun.tools.javac.api=ALL-UNNAMED --add-exports=jdk.compiler/com.sun.tools.javac.util=ALL-UNNAMED --add-opens=java.base/java.util=ALL-UNNAMED --add-opens=java.prefs/java.util.prefs=ALL-UNNAMED --add-opens=java.base/java.nio.charset=ALL-UNNAMED --add-opens=java.base/java.net=ALL-UNNAMED --add-opens=java.base/java.util.concurrent.atomic=ALL-UNNAMED --add-opens=java.xml/javax.xml.namespace=ALL-UNNAMED -XX:MaxMetaspaceSize=4G -XX:ReservedCodeCacheSize=512m -XX:+HeapDumpOnOutOfMemoryError -Xmx8G -Dfile.encoding=UTF-8 -Duser.country=KR -Duser.language=ko -Duser.variant -javaagent:C:\Users\USER-5\.gradle\wrapper\dists\gradle-8.14-all\c2qonpi39x1mddn7hk5gh9iqj\gradle-8.14\lib\agents\gradle-instrumentation-agent-8.14.jar 
java_command: org.gradle.launcher.daemon.bootstrap.GradleDaemon 8.14
java_class_path (initial): C:\Users\USER-5\.gradle\wrapper\dists\gradle-8.14-all\c2qonpi39x1mddn7hk5gh9iqj\gradle-8.14\lib\gradle-daemon-main-8.14.jar
Launcher Type: SUN_STANDARD

[Global flags]
     intx CICompilerCount                          = 12                                        {product} {ergonomic}
     uint ConcGCThreads                            = 3                                         {product} {ergonomic}
     uint G1ConcRefinementThreads                  = 13                                        {product} {ergonomic}
   size_t G1HeapRegionSize                         = 4194304                                   {product} {ergonomic}
    uintx GCDrainStackTargetSize                   = 64                                        {product} {ergonomic}
     bool HeapDumpOnOutOfMemoryError               = true                                   {manageable} {command line}
   size_t InitialHeapSize                          = 1073741824                                {product} {ergonomic}
   size_t MarkStackSize                            = 4194304                                   {product} {ergonomic}
   size_t MaxHeapSize                              = 8589934592                                {product} {command line}
   size_t MaxMetaspaceSize                         = 4294967296                                {product} {command line}
   size_t MaxNewSize                               = 5150605312                                {product} {ergonomic}
   size_t MinHeapDeltaBytes                        = 4194304                                   {product} {ergonomic}
   size_t MinHeapSize                              = 8388608                                   {product} {ergonomic}
    uintx NonNMethodCodeHeapSize                   = 7602480                                {pd product} {ergonomic}
    uintx NonProfiledCodeHeapSize                  = 264634216                              {pd product} {ergonomic}
    uintx ProfiledCodeHeapSize                     = 264634216                              {pd product} {ergonomic}
    uintx ReservedCodeCacheSize                    = 536870912                              {pd product} {command line}
     bool SegmentedCodeCache                       = true                                      {product} {ergonomic}
   size_t SoftMaxHeapSize                          = 8589934592                             {manageable} {ergonomic}
     bool UseCompressedOops                        = true                           {product lp64_product} {ergonomic}
     bool UseG1GC                                  = true                                      {product} {ergonomic}
     bool UseLargePagesIndividualAllocation        = false                                  {pd product} {ergonomic}

Logging:
Log output configuration:
 #0: stdout all=warning uptime,level,tags foldmultilines=false
 #1: stderr all=off uptime,level,tags foldmultilines=false

Release file:
JAVA_VERSION="21.0.10" 
MODULES="java.base java.compiler java.datatransfer java.xml java.prefs java.desktop java.instrument java.logging java.management java.security.sasl java.naming java.rmi java.management.rmi java.net.http java.scripting java.security.jgss java.transaction.xa java.sql java.sql.rowset java.xml.crypto java.se java.smartcardio jdk.accessibility jdk.internal.jvmstat jdk.attach jdk.charsets jdk.internal.opt jdk.zipfs jdk.compiler jdk.crypto.ec jdk.crypto.cryptoki jdk.dynalink jdk.hotspot.agent jdk.httpserver jdk.internal.ed jdk.internal.le jdk.internal.vm.ci jdk.jartool jdk.javadoc jdk.jcmd jdk.jdeps jdk.jdwp.agent jdk.jdi jdk.jfr jdk.jlink jdk.jsobject jdk.localedata jdk.management jdk.management.agent jdk.management.jfr jdk.naming.dns jdk.naming.rmi jdk.net jdk.sctp jdk.security.auth jdk.security.jgss jdk.unsupported jdk.unsupported.desktop jdk.xml.dom" 
IMPLEMENTOR="JetBrains s.r.o." 
JAVA_RUNTIME_VERSION="21.0.10+-14961533-b1163.108" 
LIBC="default" 
OS_ARCH="x86_64" 
OS_NAME="Windows" 
SOURCE=".:git:1351622c2ff2" 

Environment Variables:
JAVA_HOME=C:\Program Files\Android\Android Studio\jbr
CLASSPATH=D:\mg-games\repos\mg-game-0023\game\android\\gradle\wrapper\gradle-wrapper.jar
PATH=C:\Program Files\Android\Android Studio\jbr\bin;C:\Users\USER-5\bin;C:\Program Files\Git\mingw64\bin;C:\Program Files\Git\usr\local\bin;C:\Program Files\Git\usr\bin;C:\Program Files\Git\usr\bin;C:\Program Files\Git\mingw64\bin;C:\Program Files\Git\usr\bin;C:\Users\USER-5\bin;C:\ProgramData\miniconda3;C:\ProgramData\miniconda3\Library\mingw-w64\bin;C:\ProgramData\miniconda3\Library\usr\bin;C:\ProgramData\miniconda3\Library\bin;C:\ProgramData\miniconda3\Scripts;C:\ProgramData\miniconda3\bin;C:\ProgramData\miniconda3\condabin;C:\Program Files\Microsoft\jdk-17.0.13.11-hotspot\bin;C:\Python313\Scripts;C:\Python313;C:\WINDOWS\system32;C:\WINDOWS;C:\WINDOWS\System32\Wbem;C:\WINDOWS\System32\WindowsPowerShell\v1.0;C:\WINDOWS\System32\OpenSSH;C:\Program Files\Git\cmd;C:\Program Files\TortoiseGit\bin;C:\Program Files\dotnet;C:\Program Files\Bandizip;C:\Users\USER-5\AppData\Local\Programs\cursor\resources\app\bin;C:\ProgramData\miniconda3\Scripts;C:\ProgramData\miniconda3;C:\Users\USER-5\AppData\Local\Muse Hub\lib;C:\Program Files\NVIDIA Corporation\NVIDIA App\NvDLISR;C:\Program Files (x86)\NVIDIA Corporation\PhysX\Common;C:\Program Files\nodejs;C:\ProgramData\chocolatey\bin;C:\Program Files\GitHub CLI;C:\Users\USER-5\develop\flutter\bin;C:\Users\USER-5\AppData\Local\Pub\Cache\bin;C:\Program Files\Spine;C:\Program Files\Blender Foundation\Blender 5.0;C:\Program Files\Amazon\AWSCLIV2;D:\terraform_1.14.3_windows_386;C:\Users\USER-5\AppData\Roaming\npm;.;C:\Program Files\Rancher Desktop\resources\resources\win32\bin;C:\Program Files\Rancher Desktop\resources\resources\win32\docker-cli-plugins;C:\Program Files\Rancher Desktop\resources\resources\linux\bin;C:\Program Files\Rancher Desktop\resources\resources\linux\docker-cli-plugins;C:\Program Files\Microsoft\jdk-17.0.13.11-hotspot\bin;C:\Python313\Scripts;C:\Python313;C:\WINDOWS\system32;C:\WINDOWS;C:\WINDOWS\System32\Wbem;C:\WINDOWS\System32\WindowsPowerShell\v1.0;C:\WINDOWS\System32\OpenSSH;C:\Program Files\Git\cmd;C:\Program Files\TortoiseGit\bin;C:\Program Files\dotnet;C:\Program Files\Bandizip;C:\Users\USER-5\AppData\Local\Programs\cursor\resources\app\bin;C:\ProgramData\miniconda3\Scripts;C:\ProgramData\miniconda3;C:\Users\USER-5\AppData\Local\Muse Hub\lib;C:\Program Files\NVIDIA Corporation\NVIDIA App\NvDLISR;C:\Program Files (x86)\NVIDIA Corporation\PhysX\Common;C:\Program Files\nodejs;C:\ProgramData\chocolatey\bin;C:\Program Files\GitHub CLI;C:\Users\USER-5\develop\flutter\bin;C:\Users\USER-5\AppData\Local\Pub\Cache\bin;C:\Program Files\Spine;C:\Program Files\Blender Foundation\Blender 5.0;C:\Program Files\Amazon\AWSCLIV2;D:\terraform_1.14.3_windows_386;C:\Users\USER-5\AppData\Roaming\npm;.;C:\Program Files\Rancher Desktop\resources\resources\win32\bin;C:\Program Files\Rancher Desktop\resources\resources\win32\docker-cli-plugins;C:\Program Files\Rancher Desktop\resources\resources\linux\bin;C:\Program Files\Rancher Desktop\resources\resources\linux\docker-cli-plugins;C:\Users\USER-5\.bun\bin;C:\Users\USER-5\AppData\Local\Muse Hub\lib;C:\Users\USER-5\AppData\Local\Programs\Microsoft VS Code\bin;C:\Users\USER-5\AppData\Local\GitHubDesktop\bin;C:\Users\USER-5\AppData\Local\Programs\Antigravity\bin;C:\Program Files\Git\usr\bin\vendor_perl;C:\Program Files\Git\usr\bin\core_perl
USERNAME=USER-5
SHELL=C:\Program Files\Git\usr\bin\bash.exe
TERM=xterm-256color
OS=MINGW64_NT-10.0-26200
PROCESSOR_IDENTIFIER=AMD64 Family 25 Model 33 Stepping 2, AuthenticAMD
TMP=C:\Users\USER-5\AppData\Local\Temp
TEMP=C:\Users\USER-5\AppData\Local\Temp




Periodic native trim disabled

JNI global refs:
JNI global refs: 37, weak refs: 0

JNI global refs memory usage: 835, weak refs: 833

Process memory usage:
Resident Set Size: 506812K (0% of 67017964K total physical memory with 1543564K free physical memory)

OOME stack traces (most recent first):
Classloader memory used:
Loader org.gradle.internal.classloader.VisitableURLClassLoader                         : 46976K
Loader org.gradle.internal.classloader.VisitableURLClassLoader$InstrumentingVisitableURLClassLoader: 33930K
Loader bootstrap                                                                       : 29140K
Loader org.gradle.initialization.MixInLegacyTypesClassLoader                           : 13449K
Loader org.gradle.groovy.scripts.internal.DefaultScriptCompilationHandler$ScriptClassLoader: 635K
Loader jdk.internal.loader.ClassLoaders$PlatformClassLoader                            : 560K
Loader jdk.internal.loader.ClassLoaders$AppClassLoader                                 : 236K
Loader jdk.internal.reflect.DelegatingClassLoader                                      : 231K
Loader org.gradle.internal.classloader.VisitableURLClassLoader                         : 205K
Loader org.codehaus.groovy.runtime.callsite.CallSiteClassLoader                        : 45656B

Classes loaded by more than one classloader:
Class Program                                                                         : loaded 11 times (x 72B)
Class Build_gradle$1                                                                  : loaded 4 times (x 75B)
Class Build_gradle                                                                    : loaded 4 times (x 130B)
Class Build_gradle$2                                                                  : loaded 3 times (x 74B)
Class Build_gradle$3                                                                  : loaded 3 times (x 78B)
Class Settings_gradle                                                                 : loaded 3 times (x 128B)
Class org.gradle.internal.classloader.FilteringClassLoader                            : loaded 2 times (x 105B)
Class org.jetbrains.kotlin.gradle.plugin.mpp.KotlinVariantWithCoordinates             : loaded 2 times (x 108B)
Class org.jetbrains.kotlin.gradle.tasks.CInteropProcess                               : loaded 2 times (x 347B)
Class org.jetbrains.kotlin.gradle.internal.KotlinDomApiDependencyManagementKt         : loaded 2 times (x 71B)
Class org.jetbrains.kotlin.gradle.plugin.KotlinPluginLifecycleImpl$launch$coroutine$1 : loaded 2 times (x 76B)
Class org.jetbrains.kotlin.gradle.targets.js.npm.NpmDependencyExtensionKt$defaultNpmDependencyDelegate$1: loaded 2 times (x 167B)
Class org.jetbrains.kotlin.gradle.plugin.diagnostics.checkers.MissingNativeStdlibChecker: loaded 2 times (x 74B)
Class org.jetbrains.kotlin.gradle.targets.native.KotilnNativeConfigureBinariesSideEffectKt: loaded 2 times (x 71B)
Class org.jetbrains.kotlin.gradle.plugin.KotlinPlatformType$DisambiguationRule        : loaded 2 times (x 76B)
Class org.jetbrains.kotlin.gradle.plugin.KotlinPlatformType$Companion                 : loaded 2 times (x 71B)
Class org.jetbrains.kotlin.gradle.plugin.internal.ConfigurationCacheStartParameterAccessorKt: loaded 2 times (x 71B)
Class com.google.common.base.CharMatcher$IsEither                                     : loaded 2 times (x 111B)
Class org.gradle.internal.classloader.ClassLoaderHierarchy                            : loaded 2 times (x 70B)
Class org.jetbrains.kotlin.gradle.plugin.hierarchy.KotlinSourceSetTreeClassifierKt    : loaded 2 times (x 71B)
Class org.jetbrains.kotlin.gradle.report.UsesBuildMetricsService                      : loaded 2 times (x 70B)
Class org.jetbrains.kotlin.gradle.plugin.mpp.compilationImpl.factory.KotlinCompilationImplFactory$KotlinCompilationSourceSetsContainerFactory: loaded 2 times (x 70B)
Class org.jetbrains.kotlin.gradle.utils.MutableObservableSet                          : loaded 2 times (x 70B)
Class org.jetbrains.kotlin.gradle.dsl.KotlinHierarchyDsl                              : loaded 2 times (x 70B)
Class org.jetbrains.kotlin.gradle.report.BuildReportType                              : loaded 2 times (x 79B)
Class org.jetbrains.kotlin.statistics.metrics.StringAnonymizationPolicy$AllowedListAnonymizer: loaded 2 times (x 79B)
Class com.google.common.collect.ImmutableEnumSet                                      : loaded 2 times (x 146B)
Class com.google.common.util.concurrent.ExecutionError                                : loaded 2 times (x 82B)
Class com.google.common.collect.ImmutableList$1                                       : loaded 2 times (x 97B)
Class org.gradle.api.internal.classpath.ManifestUtil                                  : loaded 2 times (x 71B)
Class org.jetbrains.kotlin.gradle.utils.FutureKt$future$1                             : loaded 2 times (x 95B)
Class org.jetbrains.kotlin.gradle.plugin.mpp.KotlinMetadataCompilation                : loaded 2 times (x 70B)
Class org.jetbrains.kotlin.gradle.plugin.sources.KotlinDependencyScope                : loaded 2 times (x 79B)
Class org.jetbrains.kotlin.gradle.tasks.configuration.AbstractKotlinCompileConfig$1   : loaded 2 times (x 79B)
Class org.jetbrains.kotlin.gradle.plugin.mpp.compilationImpl.KotlinCompilationFriendPathsResolver: loaded 2 times (x 70B)
Class org.jetbrains.kotlin.konan.target.KonanTarget$ANDROID_ARM64                     : loaded 2 times (x 78B)
Class org.jetbrains.kotlin.gradle.artifacts.KotlinNativeHostSpecificMetadataArtifactKt$KotlinNativeHostSpecificMetadataArtifact$1: loaded 2 times (x 74B)
Class org.jetbrains.kotlin.gradle.plugin.mpp.compilationImpl.KotlinCompilationSideEffect$Companion: loaded 2 times (x 71B)
Class org.jetbrains.kotlin.gradle.plugin.mpp.KotlinUsages$KotlinMetadataDisambiguation: loaded 2 times (x 76B)
Class org.jetbrains.kotlin.gradle.internal.properties.PropertiesBuildService$IntGradleProperty: loaded 2 times (x 76B)
Class com.google.common.collect.RegularImmutableMap                                   : loaded 2 times (x 121B)
Class com.google.common.collect.ImmutableMap$MapViewOfValuesAsSingletonSets           : loaded 2 times (x 126B)
Class org.jetbrains.kotlin.gradle.internal.transforms.BuildToolsApiClasspathEntrySnapshotTransform: loaded 2 times (x 82B)
Class org.jetbrains.kotlin.gradle.tasks.configuration.AbstractKotlinCompileConfig$2   : loaded 2 times (x 79B)
Class org.jetbrains.kotlin.gradle.plugin.mpp.compilationImpl.factory.KotlinCompilationImplFactory$PreConfigure: loaded 2 times (x 70B)
Class org.jetbrains.kotlin.gradle.plugin.KotlinProjectSetupActionKt$KotlinProjectSetupCoroutine$1$1: loaded 2 times (x 95B)
Class org.jetbrains.kotlin.konan.target.KonanTarget$WATCHOS_ARM32                     : loaded 2 times (x 78B)
Class org.jetbrains.kotlin.gradle.targets.js.dsl.KotlinJsTargetDsl                    : loaded 2 times (x 70B)
Class org.jetbrains.kotlin.gradle.plugin.KotlinPluginLifecycleImplKt                  : loaded 2 times (x 71B)
Class org.jetbrains.kotlin.gradle.plugin.diagnostics.checkers.DeprecatedKotlinNativeTargetsChecker$runChecks$1: loaded 2 times (x 88B)
Class org.jetbrains.kotlin.gradle.plugin.KotlinPluginLifecycleImpl$WhenMappings       : loaded 2 times (x 71B)
Class org.jetbrains.kotlin.gradle.dsl.KotlinCommonCompilerToolOptionsHelper           : loaded 2 times (x 71B)
Class org.jetbrains.kotlin.gradle.plugin.KotlinTargetComponent                        : loaded 2 times (x 70B)
Class org.jetbrains.kotlin.gradle.plugin.KotlinGradlePluginExtensionPointInternal     : loaded 2 times (x 76B)
Class org.jetbrains.kotlin.statistics.metrics.StringOverridePolicy$OVERRIDE_VERSION_IF_NOT_SET: loaded 2 times (x 85B)
Class org.jetbrains.kotlin.gradle.plugin.statistics.KotlinBuildStatsBeanService$Companion$initStatsService$1: loaded 2 times (x 79B)
Class org.jetbrains.kotlin.gradle.plugin.VariantImplementationFactories$Companion$getProvider$1: loaded 2 times (x 75B)
Class org.jetbrains.kotlin.gradle.internal.properties.PropertiesBuildService$BooleanGradleProperty: loaded 2 times (x 76B)
Class org.jetbrains.kotlin.gradle.dsl.KotlinProjectExtension                          : loaded 2 times (x 122B)
Class [Lorg.objectweb.asm.Symbol;                                                     : loaded 2 times (x 69B)
Class org.objectweb.asm.ClassVisitor                                                  : loaded 2 times (x 88B)
Class com.google.common.collect.UnmodifiableListIterator                              : loaded 2 times (x 95B)
Class org.jetbrains.kotlin.gradle.plugin.KotlinPluginLifecycle$ProjectConfigurationResult$Failure: loaded 2 times (x 72B)
Class com.google.common.base.Platform$JdkPatternCompiler                              : loaded 2 times (x 75B)
Class org.jetbrains.kotlin.gradle.plugin.sources.DefaultKotlinSourceSet$MetadataDependencyTransformation: loaded 2 times (x 72B)
Class org.jetbrains.kotlin.gradle.tasks.DefaultKotlinJavaToolchain$Companion          : loaded 2 times (x 71B)
Class org.jetbrains.kotlin.gradle.tasks.DefaultKotlinJavaToolchain                    : loaded 2 times (x 77B)
Class org.jetbrains.kotlin.gradle.targets.native.toolchain.KotlinNativeBundleBuildService$Parameters: loaded 2 times (x 70B)
Class org.jetbrains.kotlin.gradle.targets.native.toolchain.KotlinNativeBundleBuildService: loaded 2 times (x 77B)
Class org.jetbrains.kotlin.gradle.plugin.KotlinGradleBuildServices                    : loaded 2 times (x 80B)
Class [Lorg.jetbrains.kotlin.statistics.ValueAnonymizer;                              : loaded 2 times (x 69B)
Class org.jetbrains.kotlin.gradle.internal.properties.PropertiesBuildService$MemoizedCallable$value$2: loaded 2 times (x 79B)
Class org.objectweb.asm.MethodTooLargeException                                       : loaded 2 times (x 83B)
Class [Lcom.google.common.cache.CacheBuilder$OneWeigher;                              : loaded 2 times (x 69B)
Class com.google.common.base.Suppliers                                                : loaded 2 times (x 71B)
Class org.gradle.internal.classloader.DefaultClassLoaderFactory                       : loaded 2 times (x 82B)
Class org.jetbrains.kotlin.compilerRunner.CompilerSystemPropertiesService$Parameters_Decorated: loaded 2 times (x 134B)
Class org.jetbrains.kotlin.gradle.plugin.KotlinTargetWithTests                        : loaded 2 times (x 70B)
Class org.jetbrains.kotlin.gradle.plugin.diagnostics.ToolingDiagnosticRenderingOptions: loaded 2 times (x 72B)
Class [Lorg.jetbrains.kotlin.gradle.dsl.KotlinVersion;                                : loaded 2 times (x 69B)
Class org.jetbrains.kotlin.gradle.plugin.diagnostics.checkers.JsEnvironmentChecker    : loaded 2 times (x 76B)
Class org.jetbrains.kotlin.gradle.targets.js.npm.NpmDependencyExtensionKt             : loaded 2 times (x 71B)
Class org.jetbrains.kotlin.gradle.plugin.diagnostics.UsesKotlinToolingDiagnosticsParameters: loaded 2 times (x 70B)
Class org.jetbrains.kotlin.gradle.report.BuildMetricsService                          : loaded 2 times (x 86B)
Class org.jetbrains.kotlin.statistics.metrics.NumberAnonymizationPolicy               : loaded 2 times (x 85B)
Class org.jetbrains.kotlin.statistics.metrics.StringAnonymizationPolicy               : loaded 2 times (x 78B)
Class org.gradle.internal.classloader.ClassLoaderVisitor                              : loaded 2 times (x 76B)
Class org.jetbrains.kotlin.gradle.plugin.mpp.compilationImpl.KotlinCompilationLanguageSettingsConfigurator: loaded 2 times (x 74B)
Class org.jetbrains.kotlin.gradle.plugin.KotlinPluginLifecycleKt$await$1              : loaded 2 times (x 88B)
Class [Lorg.jetbrains.kotlin.gradle.plugin.KotlinCompilation;                         : loaded 2 times (x 69B)
Class org.jetbrains.kotlin.gradle.plugin.mpp.KotlinTargetComponentWithPublication     : loaded 2 times (x 70B)
Class org.jetbrains.kotlin.gradle.plugin.mpp.compilationImpl.KotlinCreateNativeCompileTasksSideEffectKt: loaded 2 times (x 71B)
Class org.jetbrains.kotlin.gradle.plugin.KotlinProjectSetupActionKt                   : loaded 2 times (x 71B)
Class org.jetbrains.kotlin.gradle.dsl.KotlinTargetContainerWithJsPresetFunctions      : loaded 2 times (x 70B)
Class org.jetbrains.kotlin.gradle.report.ReportingSettings$Companion                  : loaded 2 times (x 71B)
Class org.jetbrains.kotlin.gradle.report.ConfigureReporingKt                          : loaded 2 times (x 71B)
Class org.jetbrains.kotlin.tooling.core.TypeUtils                                     : loaded 2 times (x 71B)
Class [Lcom.google.common.collect.ImmutableMapEntry;                                  : loaded 2 times (x 69B)
Class org.gradle.api.internal.classpath.EffectiveClassPath                            : loaded 2 times (x 90B)
Class org.jetbrains.kotlin.gradle.plugin.mpp.compilationImpl.DefaultKotlinCompilationConfigurationsContainer: loaded 2 times (x 84B)
Class com.google.common.collect.ImmutableRangeSet                                     : loaded 2 times (x 115B)
Class org.jetbrains.kotlin.konan.target.KonanTarget$ANDROID_ARM32                     : loaded 2 times (x 78B)
Class org.jetbrains.kotlin.gradle.tasks.TasksProviderKt                               : loaded 2 times (x 71B)
Class org.jetbrains.kotlin.gradle.plugin.diagnostics.ToolingDiagnostic                : loaded 2 times (x 72B)
Class org.jetbrains.kotlin.gradle.plugin.sources.DefaultKotlinSourceSetFactory        : loaded 2 times (x 80B)
Class com.google.common.collect.ListMultimap                                          : loaded 2 times (x 70B)
Class com.google.common.collect.ImmutableEnumMap                                      : loaded 2 times (x 126B)
Class org.jetbrains.kotlin.buildtools.api.jvm.ClassSnapshotGranularity                : loaded 2 times (x 79B)
Class org.jetbrains.kotlin.gradle.ExternalKotlinTargetApi                             : loaded 2 times (x 70B)
Class com.google.common.collect.Iterators$EmptyModifiableIterator                     : loaded 2 times (x 86B)
Class org.jetbrains.kotlin.gradle.plugin.diagnostics.checkers.AndroidPluginWithoutAndroidTargetChecker$runChecks$1: loaded 2 times (x 88B)
Class org.jetbrains.kotlin.gradle.plugin.diagnostics.checkers.AndroidSourceSetLayoutV1SourceSetsNotFoundChecker$runChecks$1: loaded 2 times (x 88B)
Class org.jetbrains.kotlin.gradle.plugin.diagnostics.KotlinGradleProjectCheckersRunnerKt$launchKotlinGradleProjectCheckers$1$1: loaded 2 times (x 95B)
Class org.jetbrains.kotlin.konan.target.KonanTarget                                   : loaded 2 times (x 78B)
Class org.jetbrains.kotlin.gradle.targets.CreateDefaultTestRunSideEffectKt            : loaded 2 times (x 71B)
Class org.jetbrains.kotlin.gradle.utils.ProviderApiUtilsKt$mapOrNull$1                : loaded 2 times (x 75B)
Class org.jetbrains.kotlin.gradle.targets.native.toolchain.KotlinNativeBundleBuildService$Companion$registerIfAbsent$1: loaded 2 times (x 75B)
Class org.jetbrains.kotlin.statistics.metrics.BooleanAnonymizationPolicy              : loaded 2 times (x 85B)
Class org.jetbrains.kotlin.statistics.metrics.BooleanOverridePolicy$OVERRIDE          : loaded 2 times (x 85B)
Class org.jetbrains.kotlin.gradle.plugin.PropertiesProvider$kotlinExperimentalTryNext$1: loaded 2 times (x 75B)
Class org.jetbrains.kotlin.gradle.plugin.VariantImplementationFactoriesConfigurator$Companion$getProvider$1: loaded 2 times (x 74B)
Class com.google.common.collect.Sets$1                                                : loaded 2 times (x 139B)
Class org.objectweb.asm.AnnotationVisitor                                             : loaded 2 times (x 78B)
Class org.gradle.api.internal.DefaultClassPathProvider                                : loaded 2 times (x 76B)
Class org.jetbrains.kotlin.gradle.tasks.configuration.KaptGenerateStubsConfig$Companion$wireJavaAndKotlinOutputs$1: loaded 2 times (x 79B)
Class org.jetbrains.kotlin.gradle.plugin.KotlinPluginLifecycleCoroutineContextElement : loaded 2 times (x 84B)
Class org.jetbrains.kotlin.gradle.dsl.PlatformSourceSetConventionsChecker             : loaded 2 times (x 74B)
Class org.jetbrains.kotlin.gradle.plugin.diagnostics.checkers.KotlinSourceSetTreeDependsOnMismatchChecker: loaded 2 times (x 74B)
Class org.jetbrains.kotlin.gradle.targets.CreateDefaultCompilationsSideEffectKt       : loaded 2 times (x 71B)
Class org.jetbrains.kotlin.gradle.plugin.mpp.SyncLanguageSettingsWithKotlinExtensionSetupActionKt: loaded 2 times (x 71B)
Class org.jetbrains.kotlin.statistics.metrics.NumericalMetrics                        : loaded 2 times (x 80B)
Class org.jetbrains.kotlin.gradle.plugin.VariantImplementationFactories$Companion$getProvider$2$1: loaded 2 times (x 79B)
Class com.google.common.collect.Sets$2                                                : loaded 2 times (x 139B)
Class [Lorg.gradle.api.internal.ClassPathProvider;                                    : loaded 2 times (x 69B)
Class org.gradle.api.internal.ClassPathProvider                                       : loaded 2 times (x 70B)
Class org.jetbrains.kotlin.konan.target.HostManager$targetValues$2                    : loaded 2 times (x 78B)
Class org.jetbrains.kotlin.gradle.plugin.diagnostics.checkers.UnusedSourceSetsChecker$runChecks$1: loaded 2 times (x 88B)
Class [Lorg.jetbrains.kotlin.konan.target.Family;                                     : loaded 2 times (x 69B)
Class org.jetbrains.kotlin.gradle.targets.js.npm.PeerNpmDependencyExtension           : loaded 2 times (x 70B)
Class org.jetbrains.kotlin.gradle.dsl.AndroidMainSourceSetConventionsChecker          : loaded 2 times (x 74B)
Class org.jetbrains.kotlin.gradle.plugin.diagnostics.checkers.WasmJsEnvironmentChecker$1: loaded 2 times (x 78B)
Class org.jetbrains.kotlin.gradle.targets.js.npm.NpmDependencyExtensionKt$AddNpmDependencyExtensionProjectSetupAction$1: loaded 2 times (x 74B)
Class org.jetbrains.kotlin.build.report.metrics.GradleBuildPerformanceMetric          : loaded 2 times (x 97B)
Class org.jetbrains.kotlin.gradle.internal.properties.PropertiesBuildService$NullableBooleanGradleProperty: loaded 2 times (x 76B)
Class [Lorg.objectweb.asm.AnnotationVisitor;                                          : loaded 2 times (x 69B)
Class com.google.common.collect.Sets$3                                                : loaded 2 times (x 139B)
Class com.google.common.cache.LocalCache$LocalLoadingCache                            : loaded 2 times (x 134B)
Class org.gradle.internal.service.UnknownServiceException                             : loaded 2 times (x 83B)
Class org.jetbrains.kotlin.gradle.plugin.diagnostics.checkers.ComposePluginSuggestApplyChecker$runChecks$1: loaded 2 times (x 88B)
Class org.jetbrains.kotlin.konan.target.KonanTarget$TVOS_ARM64                        : loaded 2 times (x 78B)
Class org.jetbrains.kotlin.gradle.targets.js.npm.DefaultPeerNpmDependencyExtension    : loaded 2 times (x 141B)
Class org.jetbrains.kotlin.gradle.plugin.KotlinPluginLifecycleKt                      : loaded 2 times (x 71B)
Class org.jetbrains.kotlin.gradle.plugin.diagnostics.checkers.WasmJsEnvironmentChecker$2: loaded 2 times (x 78B)
Class org.jetbrains.kotlin.gradle.plugin.mpp.AbstractKotlinTarget                     : loaded 2 times (x 150B)
Class org.jetbrains.kotlin.gradle.internal.properties.NativePropertiesLoader$kotlinNativeVersion$1: loaded 2 times (x 75B)
Class org.jetbrains.kotlin.gradle.plugin.VariantImplementationFactoriesConfigurator$Inject: loaded 2 times (x 96B)
Class org.jetbrains.kotlin.gradle.dsl.KotlinSingleTargetExtension                     : loaded 2 times (x 124B)
Class com.google.common.collect.Sets$4                                                : loaded 2 times (x 139B)
Class org.objectweb.asm.ModuleVisitor                                                 : loaded 2 times (x 81B)
Class com.google.common.cache.LocalCache$Strength$1                                   : loaded 2 times (x 81B)
Class org.jetbrains.kotlin.gradle.plugin.mpp.compilationImpl.KotlinCompilationTaskNamesContainer: loaded 2 times (x 72B)
Class org.jetbrains.kotlin.gradle.plugin.mpp.compilationImpl.factory.KotlinCompilationImplFactory$KotlinCompilerOptionsFactory: loaded 2 times (x 70B)
Class org.jetbrains.kotlin.gradle.internal.properties.PropertiesBuildServiceKt$propertyWithDeprecatedName$1: loaded 2 times (x 75B)
Class org.jetbrains.kotlin.gradle.targets.js.npm.NpmDependencyExtension               : loaded 2 times (x 70B)
Class org.jetbrains.kotlin.gradle.plugin.LanguageSettingsBuilder                      : loaded 2 times (x 70B)
Class org.jetbrains.kotlin.gradle.plugin.diagnostics.checkers.WasmWasiEnvironmentChecker: loaded 2 times (x 76B)
Class org.jetbrains.kotlin.gradle.plugin.diagnostics.checkers.WasmJsEnvironmentChecker$3: loaded 2 times (x 78B)
Class org.jetbrains.kotlin.gradle.targets.ConfigureBuildSideEffectKt                  : loaded 2 times (x 71B)
Class org.jetbrains.kotlin.gradle.plugin.BuildEventsListenerRegistryHolder$Companion  : loaded 2 times (x 71B)
Class [Lorg.jetbrains.kotlin.statistics.metrics.StringMetrics;                        : loaded 2 times (x 69B)
Class org.jetbrains.kotlin.gradle.internal.properties.PropertiesBuildService$Inject   : loaded 2 times (x 96B)
Class com.google.common.util.concurrent.SettableFuture                                : loaded 2 times (x 114B)
Class com.google.common.cache.LocalCache$Strength$2                                   : loaded 2 times (x 81B)
Class build_dzit8o6ntpgsav7udw23ydhqf                                                 : loaded 2 times (x 181B)
Class org.jetbrains.kotlin.gradle.plugin.KotlinPluginLifecycle$ProjectConfigurationResult$Success: loaded 2 times (x 71B)
Class org.jetbrains.kotlin.gradle.internal.StdlibDependencyManagementKt$configureStdlibVersionAlignment$1: loaded 2 times (x 75B)
Class org.jetbrains.kotlin.gradle.plugin.diagnostics.checkers.OverriddenKotlinNativeHomeChecker$allKonanMainSubdirectoriesExist$1$1: loaded 2 times (x 75B)
Class org.jetbrains.kotlin.gradle.dsl.PlatformSourceSetConventionsChecker$CheckedPlatformInfo: loaded 2 times (x 72B)
Class org.jetbrains.kotlin.gradle.plugin.diagnostics.checkers.WasmJsEnvironmentChecker$4: loaded 2 times (x 78B)
Class org.jetbrains.kotlin.gradle.plugin.mpp.KotlinUsages$KotlinCinteropDisambiguation: loaded 2 times (x 76B)
Class org.jetbrains.kotlin.gradle.plugin.KotlinPluginInMultipleProjectsHolder         : loaded 2 times (x 72B)
Class org.jetbrains.kotlin.gradle.report.BuildReportType$Companion                    : loaded 2 times (x 71B)
Class com.google.common.cache.LocalCache$Strength$3                                   : loaded 2 times (x 81B)
Class com.google.common.collect.MapDifference                                         : loaded 2 times (x 70B)
Class org.jetbrains.kotlin.gradle.plugin.sources.FragmentConsistencyChecks$optInAnnotationsCheck$1: loaded 2 times (x 79B)
Class org.jetbrains.kotlin.gradle.plugin.mpp.AbstractKotlinCompilationToRunnableFiles : loaded 2 times (x 196B)
Class org.jetbrains.kotlin.gradle.artifacts.KotlinMetadataArtifactKt$KotlinMetadataArtifact$1: loaded 2 times (x 74B)
Class org.jetbrains.kotlin.gradle.plugin.mpp.KotlinUsages$KotlinMetadataCompatibility : loaded 2 times (x 76B)
Class [Lorg.jetbrains.kotlin.gradle.dsl.JvmTarget;                                    : loaded 2 times (x 69B)
Class org.jetbrains.kotlin.gradle.utils.ConfigurationsKt$maybeCreateResolvable$1      : loaded 2 times (x 78B)
Class org.jetbrains.kotlin.gradle.plugin.StatisticsBuildFlowManager$Companion         : loaded 2 times (x 71B)
Class org.jetbrains.kotlin.statistics.metrics.StringMetrics$Companion                 : loaded 2 times (x 71B)
Class org.jetbrains.kotlin.gradle.internal.properties.PropertiesBuildService$property$1$1: loaded 2 times (x 75B)
Class org.jetbrains.kotlin.tooling.core.Extras$Type                                   : loaded 2 times (x 72B)
Class org.objectweb.asm.FieldWriter                                                   : loaded 2 times (x 78B)
Class com.google.common.cache.CacheBuilder$NullListener                               : loaded 2 times (x 82B)
Class org.gradle.internal.classpath.TransformedClassPath                              : loaded 2 times (x 96B)
Class org.gradle.internal.classloader.InstrumentingClassLoader                        : loaded 2 times (x 70B)
Class com.google.common.collect.ImmutableRangeSet$AsSet                               : loaded 2 times (x 300B)
Class org.jetbrains.kotlin.gradle.plugin.sources.FragmentConsistencyChecks$optInAnnotationsCheck$2: loaded 2 times (x 78B)
Class org.jetbrains.kotlin.gradle.targets.NativeForwardImplementationToApiElementsSideEffectKt$special$$inlined$KotlinTargetSideEffect$1: loaded 2 times (x 74B)
Class org.jetbrains.kotlin.gradle.plugin.BuildFinishedListenerService$Companion       : loaded 2 times (x 71B)
Class org.jetbrains.kotlin.gradle.plugin.BuildFinishedListenerService                 : loaded 2 times (x 80B)
Class com.google.common.cache.CacheLoader$FunctionToCacheLoader                       : loaded 2 times (x 75B)
Class com.google.common.collect.Iterators$ArrayItr                                    : loaded 2 times (x 97B)
Class com.google.common.collect.ImmutableCollection$Builder                           : loaded 2 times (x 76B)
Class org.jetbrains.kotlin.gradle.tasks.configuration.TaskConfigAction                : loaded 2 times (x 72B)
Class org.jetbrains.kotlin.gradle.plugin.diagnostics.checkers.OverriddenKotlinNativeHomeChecker$allKonanMainSubdirectoriesExist$1: loaded 2 times (x 75B)
Class org.jetbrains.kotlin.gradle.plugin.AbstractKotlinPlugin$Companion               : loaded 2 times (x 71B)
Class org.jetbrains.kotlin.gradle.plugin.KotlinSourceSetTree                          : loaded 2 times (x 72B)
Class org.jetbrains.kotlin.gradle.plugin.KotlinPluginLifecycle$Stage                  : loaded 2 times (x 79B)
Class org.jetbrains.kotlin.gradle.plugin.mpp.compilationImpl.KotlinCreateResourcesTaskSideEffectKt$KotlinCreateResourcesTaskSideEffect$1: loaded 2 times (x 74B)
Class org.jetbrains.kotlin.gradle.plugin.sources.KotlinSourceSetFactory               : loaded 2 times (x 80B)
Class org.jetbrains.kotlin.gradle.targets.native.toolchain.KotlinNativeBundleBuildService$Parameters_Decorated: loaded 2 times (x 143B)
Class org.jetbrains.kotlin.gradle.internal.ClassLoadersCachingBuildService$Companion  : loaded 2 times (x 71B)
Class com.google.common.base.Joiner                                                   : loaded 2 times (x 79B)
Class com.google.common.base.MoreObjects                                              : loaded 2 times (x 71B)
Class org.jetbrains.kotlin.gradle.utils.ProviderApiUtilsKt$mapOrNull$1$1              : loaded 2 times (x 75B)
Class org.jetbrains.kotlin.gradle.plugin.hierarchy.KotlinSourceSetTreeClassifier$Default: loaded 2 times (x 71B)
Class org.jetbrains.kotlin.gradle.plugin.mpp.InternalKotlinCompilationKt              : loaded 2 times (x 71B)
Class org.jetbrains.kotlin.gradle.tasks.configuration.AbstractKotlinCompileConfig     : loaded 2 times (x 72B)
Class org.jetbrains.kotlin.gradle.plugin.mpp.compilationImpl.KotlinCompilationImpl$attributes$2: loaded 2 times (x 79B)
Class org.jetbrains.kotlin.gradle.plugin.diagnostics.checkers.OverriddenKotlinNativeHomeChecker$StdlibExistenceCheckerValueSource: loaded 2 times (x 78B)
Class org.jetbrains.kotlin.build.report.metrics.GradleBuildTime                       : loaded 2 times (x 88B)
Class org.jetbrains.kotlin.gradle.utils.IsolatedKotlinClasspathClassCastException     : loaded 2 times (x 82B)
Class com.google.common.collect.Platform                                              : loaded 2 times (x 71B)
Class [Lorg.objectweb.asm.Type;                                                       : loaded 2 times (x 69B)
Class com.google.common.collect.UnmodifiableIterator                                  : loaded 2 times (x 80B)
Class org.gradle.internal.service.ServiceLocator                                      : loaded 2 times (x 70B)
Class org.jetbrains.kotlin.gradle.utils.GradleAttributesContainerUtilsKt$copyAttributeTo$1: loaded 2 times (x 79B)
Class org.jetbrains.kotlin.gradle.plugin.hierarchy.KotlinSourceSetTreeClassifierKt$classify$1: loaded 2 times (x 88B)
Class [Lorg.jetbrains.kotlin.konan.target.KonanTarget;                                : loaded 2 times (x 69B)
Class org.jetbrains.kotlin.gradle.plugin.diagnostics.checkers.WasmSourceSetsNotFoundChecker: loaded 2 times (x 74B)
Class org.jetbrains.kotlin.gradle.plugin.diagnostics.checkers.AndroidSourceSetLayoutV1SourceSetsNotFoundChecker$androidSourceSetRegex$2: loaded 2 times (x 78B)
Class org.jetbrains.kotlin.gradle.plugin.statistics.KotlinBuildStatsLoggerService$Companion: loaded 2 times (x 71B)
Class com.google.common.base.Ascii                                                    : loaded 2 times (x 71B)
Class com.google.common.collect.SingletonImmutableBiMap                               : loaded 2 times (x 143B)
Class com.google.common.cache.LocalCache$1                                            : loaded 2 times (x 89B)
Class com.google.common.collect.Iterators$SingletonIterator                           : loaded 2 times (x 81B)
Class com.google.common.collect.AbstractMapEntry                                      : loaded 2 times (x 81B)
Class org.jetbrains.kotlin.gradle.plugin.KotlinCompilationWithResources               : loaded 2 times (x 70B)
Class com.google.common.collect.Sets$ImprovedAbstractSet                              : loaded 2 times (x 135B)
Class com.google.common.collect.ImmutableList$Builder                                 : loaded 2 times (x 77B)
Class org.jetbrains.kotlin.gradle.plugin.KotlinTargetPreset                           : loaded 2 times (x 70B)
Class org.jetbrains.kotlin.gradle.plugin.diagnostics.checkers.KotlinTargetAlreadyDeclaredChecker: loaded 2 times (x 74B)
Class org.jetbrains.kotlin.gradle.plugin.mpp.compilationImpl.KotlinCompilationProcessorSideEffectKt: loaded 2 times (x 71B)
Class org.jetbrains.kotlin.gradle.utils.FileUtilsKt$localProperties$1                 : loaded 2 times (x 75B)
Class org.jetbrains.kotlin.gradle.dsl.HasConfigurableKotlinCompilerOptions            : loaded 2 times (x 70B)
Class com.google.common.collect.AbstractMultimap                                      : loaded 2 times (x 123B)
Class com.google.common.cache.LocalCache$2                                            : loaded 2 times (x 142B)
Class org.jetbrains.kotlin.gradle.plugin.statistics.KotlinProjectConfigurationMetrics : loaded 2 times (x 71B)
Class org.jetbrains.kotlin.gradle.plugin.KotlinCompilationInfo$TCS                    : loaded 2 times (x 89B)
Class com.google.common.collect.ImmutableRangeSet$1                                   : loaded 2 times (x 210B)
Class org.jetbrains.kotlin.gradle.plugin.mpp.HasBinaries                              : loaded 2 times (x 70B)
Class org.jetbrains.kotlin.gradle.dsl.KotlinCommonOptions                             : loaded 2 times (x 70B)
Class org.jetbrains.kotlin.gradle.plugin.mpp.compilationImpl.KotlinCreateSourcesJarTaskSideEffectKt: loaded 2 times (x 71B)
Class org.jetbrains.kotlin.gradle.dsl.KotlinJvmProjectExtension                       : loaded 2 times (x 147B)
Class org.jetbrains.kotlin.gradle.plugin.KotlinGradlePluginExtensionPointInternalKt   : loaded 2 times (x 71B)
Class org.jetbrains.kotlin.gradle.targets.native.toolchain.UsesKotlinNativeBundleBuildService: loaded 2 times (x 70B)
Class org.jetbrains.kotlin.gradle.plugin.KotlinCompilerArgumentsProducer              : loaded 2 times (x 70B)
Class org.jetbrains.kotlin.build.report.metrics.ValueType                             : loaded 2 times (x 79B)
Class com.google.common.collect.RegularImmutableAsList                                : loaded 2 times (x 217B)
Class org.jetbrains.kotlin.gradle.tasks.configuration.BaseKotlinCompileConfig$1$classpathConfiguration$1: loaded 2 times (x 75B)
Class com.google.common.collect.Range                                                 : loaded 2 times (x 87B)
Class org.jetbrains.kotlin.gradle.targets.js.npm.NpmDependencyExtensionDelegate       : loaded 2 times (x 167B)
Class org.jetbrains.kotlin.gradle.plugin.sources.FragmentConsistencyChecker           : loaded 2 times (x 72B)
Class org.jetbrains.kotlin.gradle.dsl.DefaultToolchainSupport_Decorated               : loaded 2 times (x 124B)
Class org.jetbrains.kotlin.gradle.internal.properties.NativePropertiesLoader$jvmArgs$1: loaded 2 times (x 75B)
Class org.jetbrains.kotlin.gradle.report.BuildMetricsService$Companion                : loaded 2 times (x 71B)
Class org.jetbrains.kotlin.gradle.tasks.KotlinCompileTool                             : loaded 2 times (x 70B)
Class org.jetbrains.kotlin.gradle.plugin.VariantImplementationFactories$Parameters_Decorated: loaded 2 times (x 134B)
Class org.jetbrains.kotlin.gradle.plugin.PropertiesProvider$PropertyNames             : loaded 2 times (x 71B)
Class org.jetbrains.kotlin.gradle.utils.SingleAction$PerformedActions                 : loaded 2 times (x 72B)
Class org.jetbrains.kotlin.gradle.utils.GradleUtilsKt                                 : loaded 2 times (x 71B)
Class org.jetbrains.kotlin.gradle.plugin.HasProject                                   : loaded 2 times (x 70B)
Class com.google.common.util.concurrent.AbstractFuture$Trusted                        : loaded 2 times (x 70B)
Class com.google.common.collect.Iterators                                             : loaded 2 times (x 71B)
Class build_6q5oo94nxfw5xjwjx3nrswi5t$_run_closure1                                   : loaded 2 times (x 139B)
Class org.jetbrains.kotlin.gradle.tasks.configuration.BaseKotlinCompileConfig         : loaded 2 times (x 72B)
Class org.jetbrains.kotlin.gradle.plugin.mpp.compilationImpl.factory.KotlinCompilationImplFactory$KotlinCompilationTaskNamesContainerFactory: loaded 2 times (x 70B)
Class org.jetbrains.kotlin.gradle.internal.KotlinDependenciesManagementKt$CustomizeKotlinDependenciesSetupAction$1$coreLibrariesVersion$1: loaded 2 times (x 79B)
Class org.jetbrains.kotlin.gradle.plugin.diagnostics.checkers.CInteropInputChecker$runChecks$1: loaded 2 times (x 88B)
Class org.jetbrains.kotlin.gradle.ExperimentalKotlinGradlePluginApi                   : loaded 2 times (x 70B)
Class org.jetbrains.kotlin.gradle.internal.properties.NativePropertiesLoader          : loaded 2 times (x 85B)
Class [Lorg.jetbrains.kotlin.build.report.metrics.BuildTime;                          : loaded 2 times (x 69B)
Class org.jetbrains.kotlin.statistics.metrics.NumberAnonymizationPolicy$SAFE          : loaded 2 times (x 85B)
Class org.jetbrains.kotlin.gradle.plugin.statistics.BuildFusService                   : loaded 2 times (x 84B)
Class com.google.common.collect.Lists$StringAsImmutableList                           : loaded 2 times (x 207B)
Class com.google.common.util.concurrent.UncheckedExecutionException                   : loaded 2 times (x 82B)
Class org.jetbrains.kotlin.gradle.plugin.diagnostics.checkers.CInteropInputChecker$runChecks$2: loaded 2 times (x 75B)
Class org.jetbrains.kotlin.gradle.tasks.configuration.KaptGenerateStubsConfig$Companion: loaded 2 times (x 71B)
Class org.jetbrains.kotlin.gradle.internal.KotlinTestDependencyManagementKt$maybeAddTestDependencyCapability$1: loaded 2 times (x 75B)
Class org.jetbrains.kotlin.gradle.plugin.diagnostics.CheckKotlinGradlePluginConfigurationErrorsKt: loaded 2 times (x 71B)
Class org.jetbrains.kotlin.gradle.targets.js.npm.NpmDependencyExtensionKt$AddNpmDependencyExtensionProjectSetupAction$1$WhenMappings: loaded 2 times (x 71B)
Class org.jetbrains.kotlin.gradle.plugin.mpp.KotlinJvmAndroidCompilation              : loaded 2 times (x 198B)
Class org.jetbrains.kotlin.gradle.targets.CreateDefaultCompilationsSideEffectKt$CreateDefaultCompilationsSideEffect$1: loaded 2 times (x 74B)
Class org.jetbrains.kotlin.gradle.targets.native.internal.AddKotlinPlatformIntegersSupportLibraryKt$AddKotlinPlatformIntegersSupportLibrary$1: loaded 2 times (x 95B)
Class org.jetbrains.kotlin.gradle.plugin.mpp.ApplyUserDefinedAttributesKt             : loaded 2 times (x 71B)
Class org.jetbrains.kotlin.gradle.utils.FutureImpl                                    : loaded 2 times (x 80B)
Class org.jetbrains.kotlin.gradle.internal.properties.NativePropertiesLoader$isToolchainEnabled$1: loaded 2 times (x 75B)
Class [Lorg.jetbrains.kotlin.statistics.metrics.NumericalMetrics;                     : loaded 2 times (x 69B)
Class org.gradle.internal.InternalTransformer                                         : loaded 2 times (x 70B)
Class org.jetbrains.kotlin.gradle.tasks.CompileUsingKotlinDaemonWithNormalization     : loaded 2 times (x 70B)
Class org.jetbrains.kotlin.gradle.plugin.mpp.compilationImpl.factory.KotlinCompilationImplFactory$PostConfigure$Companion: loaded 2 times (x 71B)
Class com.google.common.collect.AbstractMapBasedMultimap$KeySet$1                     : loaded 2 times (x 82B)
Class org.jetbrains.kotlin.gradle.internal.KotlinDomApiDependencyManagementKt$configureKotlinDomApiDefaultDependency$1: loaded 2 times (x 79B)
Class org.jetbrains.kotlin.gradle.targets.js.npm.DefaultDevNpmDependencyExtension     : loaded 2 times (x 145B)
Class [Lorg.jetbrains.kotlin.gradle.plugin.HasKotlinDependencies;                     : loaded 2 times (x 69B)
Class org.jetbrains.kotlin.gradle.tasks.DefaultKotlinJavaToolchain$Companion$wireJvmTargetToToolchain$1: loaded 2 times (x 75B)
Class org.jetbrains.kotlin.gradle.plugin.diagnostics.checkers.JsLikeEnvironmentChecker: loaded 2 times (x 76B)
Class org.jetbrains.kotlin.gradle.plugin.KotlinPlatformType                           : loaded 2 times (x 82B)
Class org.jetbrains.kotlin.gradle.plugin.KotlinGradleBuildServices$Companion          : loaded 2 times (x 71B)
Class org.jetbrains.kotlin.gradle.internal.properties.PropertiesBuildServiceKt        : loaded 2 times (x 71B)
Class org.objectweb.asm.ClassWriter                                                   : loaded 2 times (x 106B)
Class com.google.common.cache.CacheLoader$UnsupportedLoadingOperationException        : loaded 2 times (x 82B)
Class com.google.common.base.CharMatcher$And                                          : loaded 2 times (x 112B)
Class org.gradle.internal.classloader.ClasspathUtil$1                                 : loaded 2 times (x 76B)
Class com.google.common.collect.AbstractMapBasedMultimap$Itr                          : loaded 2 times (x 83B)
Class org.jetbrains.kotlin.gradle.plugin.diagnostics.ToolingDiagnosticRenderingOptions$Companion: loaded 2 times (x 71B)
Class org.jetbrains.kotlin.gradle.dsl.KotlinJvmCompilerOptionsHelper                  : loaded 2 times (x 71B)
Class org.jetbrains.kotlin.gradle.tasks.DefaultKotlinJavaToolchain$Companion$wireJvmTargetToToolchain$2: loaded 2 times (x 75B)
Class org.jetbrains.kotlin.gradle.plugin.ProjectLocalConfigurations$ProjectLocalDisambiguation: loaded 2 times (x 76B)
Class org.jetbrains.kotlin.gradle.plugin.mpp.apple.swiftexport.internal.SwiftExportInitKt: loaded 2 times (x 71B)
Class org.jetbrains.kotlin.gradle.internal.properties.PropertiesBuildService$NullableStringGradleProperty: loaded 2 times (x 76B)
Class org.jetbrains.kotlin.gradle.plugin.KotlinGradleBuildServices$detectKotlinPluginLoadedInMultipleProjects$onRegister$1$1: loaded 2 times (x 75B)
Class org.jetbrains.kotlin.gradle.plugin.internal.ConfigurationCacheStartParameterAccessor$Factory: loaded 2 times (x 70B)
Class org.objectweb.asm.FieldVisitor                                                  : loaded 2 times (x 77B)
Class com.google.common.collect.IndexedImmutableSet                                   : loaded 2 times (x 152B)
Class com.google.common.collect.ImmutableMap$1                                        : loaded 2 times (x 81B)
Class com.google.common.collect.BiMap                                                 : loaded 2 times (x 70B)
Class org.gradle.api.internal.classpath.DefaultModuleRegistry$DefaultModule           : loaded 2 times (x 86B)
Class org.jetbrains.kotlin.gradle.plugin.mpp.compilationImpl.KotlinCompilationSourceSetInclusion$DefaultAddSourcesToCompileTask$addSources$1: loaded 2 times (x 79B)
Class org.jetbrains.kotlin.gradle.plugin.diagnostics.checkers.WasmSourceSetsNotFoundChecker$wasmSourceSetRegex$2: loaded 2 times (x 78B)
Class org.jetbrains.kotlin.gradle.plugin.mpp.compilationImpl.KotlinCompilationSideEffect: loaded 2 times (x 70B)
Class org.jetbrains.kotlin.gradle.plugin.KotlinGradlePluginExtensionPoint             : loaded 2 times (x 70B)
Class org.jetbrains.kotlin.tooling.core.ExtrasUtilsKt                                 : loaded 2 times (x 71B)
Class org.jetbrains.kotlin.buildtools.api.ExperimentalBuildToolsApi                   : loaded 2 times (x 70B)
Class org.jetbrains.kotlin.gradle.utils.ResourceUtilsKt                               : loaded 2 times (x 71B)
Class org.jetbrains.kotlin.gradle.plugin.KotlinPluginWrapperKt$kotlinPluginVersionFromResources$1: loaded 2 times (x 78B)
Class com.google.common.primitives.Ints                                               : loaded 2 times (x 71B)
Class com.google.common.collect.AbstractIterator                                      : loaded 2 times (x 82B)
Class org.jetbrains.kotlin.gradle.plugin.mpp.KotlinTargetSoftwareComponentImplKt$KotlinTargetSoftwareComponent$1$1$1: loaded 2 times (x 75B)
Class org.jetbrains.kotlin.gradle.tasks.configuration.KaptGenerateStubsConfig$Companion$configureLibraries$1: loaded 2 times (x 79B)
Class org.jetbrains.kotlin.gradle.plugin.mpp.compilationImpl.KotlinCompilationSourceSetInclusion$DefaultAddSourcesToCompileTask$addSources$2: loaded 2 times (x 79B)
Class org.jetbrains.kotlin.gradle.tasks.AbstractKotlinCompile                         : loaded 2 times (x 459B)
Class org.jetbrains.kotlin.gradle.plugin.KotlinCompilationOutput                      : loaded 2 times (x 70B)
Class org.jetbrains.kotlin.gradle.plugin.diagnostics.CheckKotlinGradlePluginConfigurationErrorsKt$addDependsOnFromTasksThatShouldFailWhenErrorsReported$1: loaded 2 times (x 75B)
Class org.jetbrains.kotlin.konan.target.KonanTarget$TVOS_X64                          : loaded 2 times (x 78B)
Class org.jetbrains.kotlin.gradle.plugin.diagnostics.KotlinToolingDiagnosticsSetupActionKt: loaded 2 times (x 71B)
Class org.jetbrains.kotlin.gradle.plugin.KotlinGradleBuildServices$Parameters$Inject  : loaded 2 times (x 106B)
Class org.jetbrains.kotlin.gradle.plugin.KotlinPluginWrapperKt$kotlinPluginVersionFromResources$1$1: loaded 2 times (x 71B)
Class com.google.common.collect.ObjectArrays                                          : loaded 2 times (x 71B)
Class com.google.common.collect.Multiset                                              : loaded 2 times (x 70B)
Class com.google.common.collect.ArrayListMultimapGwtSerializationDependencies         : loaded 2 times (x 172B)
Class com.google.common.collect.AbstractIndexedListIterator                           : loaded 2 times (x 96B)
Class com.google.common.math.MathPreconditions                                        : loaded 2 times (x 71B)
Class org.jetbrains.kotlin.tooling.core.Extras$Entry                                  : loaded 2 times (x 72B)
Class org.jetbrains.kotlin.gradle.plugin.sources.InternalKotlinSourceSetKt            : loaded 2 times (x 71B)
Class org.jetbrains.kotlin.gradle.internal.Kapt3GradleSubplugin$Kapt3SubpluginContext : loaded 2 times (x 72B)
Class org.jetbrains.kotlin.gradle.artifacts.KotlinTargetArtifact                      : loaded 2 times (x 70B)
Class org.jetbrains.kotlin.gradle.dsl.KotlinJvmCompilerOptionsDefault_Decorated       : loaded 2 times (x 171B)
Class org.jetbrains.kotlin.gradle.plugin.HasKotlinDependencies                        : loaded 2 times (x 70B)
Class org.jetbrains.kotlin.gradle.targets.native.toolchain.KotlinNativeBundleBuildService$Companion: loaded 2 times (x 71B)
Class org.jetbrains.kotlin.gradle.plugin.BuildEventsListenerRegistryHolder_Decorated  : loaded 2 times (x 119B)
Class org.jetbrains.kotlin.gradle.plugin.statistics.MetricContainer                   : loaded 2 times (x 72B)
Class org.jetbrains.kotlin.gradle.plugin.statistics.old.Pre232IdeaKotlinBuildStatsMXBean: loaded 2 times (x 70B)
Class org.jetbrains.kotlin.gradle.plugin.statistics.KotlinBuildStatsServicesRegistry  : loaded 2 times (x 78B)
Class org.jetbrains.kotlin.gradle.plugin.VariantImplementationFactoriesConfigurator   : loaded 2 times (x 76B)
Class com.google.common.collect.ImmutableMapEntrySet                                  : loaded 2 times (x 152B)
Class org.gradle.api.internal.classpath.Module                                        : loaded 2 times (x 70B)
Class build_6q5oo94nxfw5xjwjx3nrswi5t$_run_closure1$_closure3                         : loaded 2 times (x 139B)
Class build_6q5oo94nxfw5xjwjx3nrswi5t                                                 : loaded 2 times (x 181B)
Class org.jetbrains.kotlin.gradle.internal.transforms.BuildToolsApiClasspathEntrySnapshotTransform$Parameters_Decorated: loaded 2 times (x 157B)
Class org.jetbrains.kotlin.gradle.plugin.mpp.compilationImpl.KotlinCompilationSourceSetInclusion$Companion$includedSourceSets$2: loaded 2 times (x 78B)
Class org.jetbrains.kotlin.gradle.plugin.diagnostics.KotlinToolingDiagnosticsSetupActionKt$KotlinToolingDiagnosticsSetupAction$1$1: loaded 2 times (x 75B)
Class org.jetbrains.kotlin.gradle.targets.js.npm.NpmDirectoryDependencyWithExternalsExtension: loaded 2 times (x 70B)
Class org.jetbrains.kotlin.gradle.plugin.KotlinProjectSetupAction                     : loaded 2 times (x 70B)
Class org.jetbrains.kotlin.gradle.plugin.KotlinGradleFinishBuildHandler$Companion     : loaded 2 times (x 71B)
Class com.google.common.cache.Weigher                                                 : loaded 2 times (x 70B)
Class org.gradle.api.internal.classpath.UnknownModuleException                        : loaded 2 times (x 82B)
Class org.jetbrains.kotlin.gradle.plugin.mpp.InternalKotlinTargetComponentKt          : loaded 2 times (x 71B)
Class org.jetbrains.kotlin.gradle.plugin.mpp.InternalKotlinTarget$DefaultImpls        : loaded 2 times (x 71B)
Class org.jetbrains.kotlin.gradle.plugin.KotlinPluginLifecycleImpl$executeCurrentStageAndScheduleNext$3: loaded 2 times (x 75B)
Class org.jetbrains.kotlin.gradle.plugin.mpp.compilationImpl.KotlinCompilationRegisterInSourceSetsConfigurator$configure$1: loaded 2 times (x 79B)
Class org.jetbrains.kotlin.gradle.plugin.diagnostics.KotlinToolingDiagnosticsSetupActionKt$KotlinToolingDiagnosticsSetupAction$1$2: loaded 2 times (x 95B)
Class org.jetbrains.kotlin.gradle.targets.js.npm.NpmDependencyWithExternalsExtension  : loaded 2 times (x 70B)
Class org.jetbrains.kotlin.gradle.plugin.mpp.KotlinUsageContext                       : loaded 2 times (x 70B)
Class org.jetbrains.kotlin.gradle.plugin.KotlinTargetsContainer                       : loaded 2 times (x 70B)
Class org.jetbrains.kotlin.compilerRunner.GradleCliCommonizerKt                       : loaded 2 times (x 71B)
Class org.jetbrains.kotlin.gradle.utils.ConfigurationsKt                              : loaded 2 times (x 71B)
Class org.jetbrains.kotlin.gradle.plugin.StatisticsBuildFlowManager                   : loaded 2 times (x 72B)
Class org.jetbrains.kotlin.gradle.plugin.statistics.BuildFusService$Parameters        : loaded 2 times (x 70B)
Class org.jetbrains.kotlin.gradle.plugin.PluginWrappersKt                             : loaded 2 times (x 71B)
Class com.google.common.base.Stopwatch                                                : loaded 2 times (x 72B)
Class com.google.common.cache.LocalCache$Strength                                     : loaded 2 times (x 81B)
Class com.google.common.cache.Cache                                                   : loaded 2 times (x 70B)
Class org.jetbrains.kotlin.gradle.plugin.mpp.InternalKotlinTargetKt                   : loaded 2 times (x 71B)
Class org.jetbrains.kotlin.gradle.plugin.diagnostics.KotlinToolingDiagnosticsSetupActionKt$KotlinToolingDiagnosticsSetupAction$1$3: loaded 2 times (x 75B)
Class org.jetbrains.kotlin.gradle.targets.js.dsl.KotlinTargetWithNodeJsDsl            : loaded 2 times (x 70B)
Class org.jetbrains.kotlin.gradle.plugin.sources.DefaultKotlinSourceSetKt$defaultSourceSetLanguageSettingsChecker$1: loaded 2 times (x 78B)
Class org.jetbrains.kotlin.gradle.plugin.sources.InternalKotlinSourceSet              : loaded 2 times (x 70B)
Class org.jetbrains.kotlin.gradle.plugin.KotlinJvmPlugin                              : loaded 2 times (x 79B)
Class org.jetbrains.kotlin.gradle.plugin.mpp.SyncLanguageSettingsWithKotlinExtensionSetupActionKt$SyncLanguageSettingsWithKotlinExtensionSetupAction$1: loaded 2 times (x 95B)
Class org.jetbrains.kotlin.gradle.dsl.KotlinGradlePluginPublicDsl                     : loaded 2 times (x 70B)
Class org.jetbrains.kotlin.gradle.internal.properties.NativeProperties                : loaded 2 times (x 70B)
Class org.jetbrains.kotlin.statistics.BuildSessionLogger                              : loaded 2 times (x 77B)
Class org.jetbrains.kotlin.gradle.plugin.internal.ConfigurationCacheStartParameterAccessor: loaded 2 times (x 70B)
Class com.google.common.util.concurrent.AbstractFuture$Cancellation                   : loaded 2 times (x 72B)
Class com.google.common.collect.ImmutableMap$Builder                                  : loaded 2 times (x 82B)
Class org.jetbrains.kotlin.gradle.utils.FutureKt$future$2$1                           : loaded 2 times (x 95B)
Class [Lorg.jetbrains.kotlin.gradle.plugin.statistics.plugins.ObservablePlugins;      : loaded 2 times (x 69B)
Class org.jetbrains.kotlin.gradle.plugin.internal.BuildIdService$Companion$registerIfAbsent$1$1: loaded 2 times (x 75B)
Class org.jetbrains.kotlin.konan.target.KonanTarget$IOS_ARM64                         : loaded 2 times (x 78B)
Class org.jetbrains.kotlin.gradle.targets.js.dsl.KotlinWasmTargetDsl                  : loaded 2 times (x 70B)
Class org.jetbrains.kotlin.gradle.plugin.diagnostics.checkers.DisabledCinteropCommonizationInHmppProjectChecker$runChecks$1: loaded 2 times (x 88B)
Class org.jetbrains.kotlin.gradle.plugin.sources.ConsistencyCheck                     : loaded 2 times (x 72B)
Class org.jetbrains.kotlin.gradle.plugin.sources.DefaultKotlinSourceSetKt$defaultSourceSetLanguageSettingsChecker$2: loaded 2 times (x 78B)
Class org.jetbrains.kotlin.gradle.dsl.KotlinCommonToolOptions                         : loaded 2 times (x 70B)
Class org.jetbrains.kotlin.gradle.plugin.AbstractKotlinPlugin                         : loaded 2 times (x 78B)
Class org.jetbrains.kotlin.gradle.tasks.DefaultKotlinJavaToolchain$Companion$wireJvmTargetToJvm$1: loaded 2 times (x 75B)
Class org.jetbrains.kotlin.gradle.plugin.diagnostics.checkers.ComposePluginSuggestApplyChecker: loaded 2 times (x 74B)
Class org.jetbrains.kotlin.gradle.dsl.KotlinMultiplatformExtension                    : loaded 2 times (x 607B)
Class com.google.common.cache.RemovalListener                                         : loaded 2 times (x 70B)
Class org.gradle.api.internal.DefaultClassPathRegistry                                : loaded 2 times (x 76B)
Class org.jetbrains.kotlin.gradle.plugin.mpp.KotlinTargetSoftwareComponentImplKt$KotlinTargetSoftwareComponent$1$1$configuration$1: loaded 2 times (x 79B)
Class org.jetbrains.kotlin.gradle.targets.js.npm.DefaultPeerNpmDependencyExtension$delegate$1: loaded 2 times (x 167B)
Class org.jetbrains.kotlin.gradle.targets.js.npm.NpmDependency                        : loaded 2 times (x 97B)
Class org.jetbrains.kotlin.gradle.targets.js.npm.DefaultNpmDependencyExtension        : loaded 2 times (x 152B)
Class org.jetbrains.kotlin.gradle.targets.js.npm.NpmDependency$Scope                  : loaded 2 times (x 79B)
Class org.jetbrains.kotlin.gradle.plugin.sources.FragmentConsistencyChecks$unstableFeaturesCheck$1: loaded 2 times (x 79B)
Class org.jetbrains.kotlin.gradle.plugin.sources.DefaultKotlinSourceSet               : loaded 2 times (x 141B)
Class org.jetbrains.kotlin.gradle.plugin.diagnostics.checkers.AndroidSourceSetLayoutV1SourceSetsNotFoundChecker: loaded 2 times (x 74B)
Class org.jetbrains.kotlin.gradle.utils.ConfigurationsKt$sam$org_gradle_api_Action$0  : loaded 2 times (x 75B)
Class org.jetbrains.kotlin.gradle.plugin.VariantImplementationFactories$Parameters    : loaded 2 times (x 70B)
Class com.google.common.primitives.IntsMethodsForWeb                                  : loaded 2 times (x 71B)
Class com.google.common.collect.Multimap                                              : loaded 2 times (x 70B)
Class org.gradle.api.internal.ClassPathRegistry                                       : loaded 2 times (x 70B)
Class org.gradle.internal.classpath.DefaultClassPath$ImmutableUniqueList              : loaded 2 times (x 199B)
Class org.jetbrains.kotlin.gradle.plugin.KotlinCompilation$DefaultImpls               : loaded 2 times (x 71B)
Class org.jetbrains.kotlin.gradle.utils.ProviderApiUtilsKt$providerWithLazyConvention$1: loaded 2 times (x 74B)
Class org.jetbrains.kotlin.konan.target.KonanTarget$Companion$predefinedTargets$2     : loaded 2 times (x 78B)
Class org.jetbrains.kotlin.gradle.plugin.sources.FragmentConsistencyChecks$unstableFeaturesCheck$2: loaded 2 times (x 78B)
Class org.jetbrains.kotlin.gradle.plugin.KotlinPluginLifecycleImpl                    : loaded 2 times (x 80B)
Class org.jetbrains.kotlin.gradle.plugin.diagnostics.KotlinToolingDiagnostics$WasmWasiEnvironmentNotChosenExplicitly: loaded 2 times (x 73B)
Class org.jetbrains.kotlin.gradle.artifacts.KotlinNativeKlibArtifactKt$KotlinNativeKlibArtifact$1: loaded 2 times (x 74B)
Class org.jetbrains.kotlin.gradle.dsl.KotlinCommonCompilerOptionsDefault              : loaded 2 times (x 96B)
Class org.jetbrains.kotlin.gradle.dsl.KotlinCommonCompilerToolOptionsDefault          : loaded 2 times (x 84B)
Class com.google.common.collect.RegularImmutableMap$KeySet                            : loaded 2 times (x 152B)
Class org.jetbrains.kotlin.gradle.plugin.statistics.KotlinBuildStatisticsUtilsKt$collectGeneralConfigurationTimeMetrics$statisticOverhead$1$2: loaded 2 times (x 75B)
Class org.jetbrains.kotlin.gradle.plugin.StatisticsBuildFlowManager_Decorated         : loaded 2 times (x 119B)
Class org.jetbrains.kotlin.gradle.report.BuildReportMode$Companion                    : loaded 2 times (x 71B)
Class org.jetbrains.kotlin.gradle.plugin.VariantImplementationFactories$VariantImplementationFactory: loaded 2 times (x 70B)
Class com.google.common.base.Equivalence$Identity                                     : loaded 2 times (x 82B)
Class org.jetbrains.kotlin.gradle.utils.GradleAttributesContainerUtilsKt              : loaded 2 times (x 71B)
Class org.jetbrains.kotlin.gradle.plugin.mpp.ApplyUserDefinedAttributesKt$UserDefinedAttributesSetupAction$1$1: loaded 2 times (x 79B)
Class org.jetbrains.kotlin.compilerRunner.CompilerSystemPropertiesService             : loaded 2 times (x 80B)
Class org.jetbrains.kotlin.gradle.plugin.mpp.compilationImpl.KotlinCompilationImpl$1  : loaded 2 times (x 79B)
Class org.jetbrains.kotlin.gradle.targets.js.npm.SemVer$Companion                     : loaded 2 times (x 71B)
Class org.jetbrains.kotlin.konan.target.KonanTarget$LINUX_ARM64                       : loaded 2 times (x 78B)
Class org.jetbrains.kotlin.konan.target.KonanTarget$LINUX_X64                         : loaded 2 times (x 78B)
Class [Lorg.jetbrains.kotlin.konan.target.Architecture;                               : loaded 2 times (x 69B)
Class org.jetbrains.kotlin.gradle.targets.native.SetupEmbedAndSignAppleFrameworkTaskSideEffectKt$special$$inlined$KotlinTargetSideEffect$1: loaded 2 times (x 74B)
Class org.jetbrains.kotlin.gradle.plugin.mpp.KotlinUsages$KotlinCinteropCompatibility : loaded 2 times (x 77B)
Class org.jetbrains.kotlin.gradle.dsl.ExplicitApiMode                                 : loaded 2 times (x 79B)
Class org.jetbrains.kotlin.gradle.plugin.VariantImplementationFactories$Companion     : loaded 2 times (x 71B)
Class org.jetbrains.kotlin.gradle.plugin.internal.CustomPropertiesFileValueSource$Parameters_Decorated: loaded 2 times (x 134B)
Class org.jetbrains.kotlin.gradle.dsl.KotlinTopLevelExtensionConfig                   : loaded 2 times (x 70B)
Class com.google.common.cache.CacheBuilder                                            : loaded 2 times (x 72B)
Class com.google.common.collect.SingletonImmutableList                                : loaded 2 times (x 207B)
Class Settings_gradle$1                                                               : loaded 2 times (x 74B)
Class org.gradle.internal.classpath.ClassPath                                         : loaded 2 times (x 70B)
Class org.gradle.api.UncheckedIOException                                             : loaded 2 times (x 82B)
Class org.jetbrains.kotlin.gradle.plugin.mpp.compilationImpl.KotlinCompilationImpl$2  : loaded 2 times (x 79B)
Class com.google.common.base.JdkPattern                                               : loaded 2 times (x 75B)
Class org.jetbrains.kotlin.gradle.dsl.PlatformSourceSetConventionsChecker$runChecks$1 : loaded 2 times (x 88B)
Class org.jetbrains.kotlin.gradle.plugin.mpp.compilationImpl.KotlinCompilationProcessorSideEffectKt$KotlinCompilationProcessorSideEffect$1: loaded 2 times (x 74B)
Class org.jetbrains.kotlin.gradle.dsl.KotlinJvmCompilerOptionsDefault                 : loaded 2 times (x 108B)
Class org.jetbrains.kotlin.gradle.internal.UsesClassLoadersCachingBuildService        : loaded 2 times (x 70B)
Class com.google.common.collect.ImmutableList$ReverseImmutableList                    : loaded 2 times (x 209B)
Class com.google.errorprone.annotations.DoNotMock                                     : loaded 2 times (x 70B)
Class org.jetbrains.kotlin.gradle.internal.transforms.BuildToolsApiClasspathEntrySnapshotTransform$Parameters: loaded 2 times (x 88B)
Class org.jetbrains.kotlin.gradle.plugin.KotlinCompilationInfoKt                      : loaded 2 times (x 71B)
Class org.jetbrains.kotlin.gradle.tasks.KotlinCompile                                 : loaded 2 times (x 504B)
Class org.jetbrains.kotlin.gradle.internal.StdlibDependencyManagementKt               : loaded 2 times (x 71B)
Class org.jetbrains.kotlin.gradle.dsl.PlatformSourceSetConventionsChecker$runChecks$2 : loaded 2 times (x 78B)
Class org.jetbrains.kotlin.konan.target.KonanTarget$MINGW_X64                         : loaded 2 times (x 78B)
Class org.jetbrains.kotlin.gradle.utils.ObservableSet                                 : loaded 2 times (x 70B)
Class org.jetbrains.kotlin.gradle.plugin.diagnostics.KotlinToolingDiagnosticsCollectorKt: loaded 2 times (x 71B)
Class org.jetbrains.kotlin.gradle.plugin.mpp.HierarchyAttributeContainer              : loaded 2 times (x 83B)
Class org.jetbrains.kotlin.gradle.tasks.UsesKotlinJavaToolchain                       : loaded 2 times (x 70B)
Class org.jetbrains.kotlin.gradle.plugin.DefaultKotlinBasePlugin$apply$1              : loaded 2 times (x 75B)
Class org.jetbrains.kotlin.statistics.metrics.StringOverridePolicy$OVERRIDE           : loaded 2 times (x 85B)
Class org.jetbrains.kotlin.gradle.internal.properties.PropertiesBuildService$Params_Decorated: loaded 2 times (x 134B)
Class org.objectweb.asm.SymbolTable$Entry                                             : loaded 2 times (x 74B)
Class Native_plugin_loader_gradle                                                     : loaded 2 times (x 130B)
Class org.jetbrains.kotlin.gradle.plugin.mpp.KotlinTargetComponentWithCoordinatesAndPublication: loaded 2 times (x 70B)
Class org.jetbrains.kotlin.gradle.incremental.UsesIncrementalModuleInfoBuildService   : loaded 2 times (x 70B)
Class org.jetbrains.kotlin.konan.target.KonanTarget$ANDROID_X86                       : loaded 2 times (x 78B)
Class org.jetbrains.kotlin.gradle.dsl.PlatformSourceSetConventionsChecker$runChecks$3 : loaded 2 times (x 78B)
Class org.jetbrains.kotlin.gradle.plugin.RegisterKotlinPluginExtensionsKt             : loaded 2 times (x 71B)
Class org.jetbrains.kotlin.gradle.utils.CompilerOptionsKt$configureExperimentalTryNext$1$1: loaded 2 times (x 78B)
Class org.jetbrains.kotlin.gradle.utils.CompilerOptionsKt                             : loaded 2 times (x 71B)
Class org.jetbrains.kotlin.gradle.plugin.PropertiesProvider$Companion                 : loaded 2 times (x 71B)
Class org.jetbrains.kotlin.gradle.utils.SingleAction                                  : loaded 2 times (x 73B)
Class org.objectweb.asm.Edge                                                          : loaded 2 times (x 72B)
Class com.google.common.base.Suppliers$SupplierOfInstance                             : loaded 2 times (x 79B)
Class com.google.common.collect.Iterators$1                                           : loaded 2 times (x 81B)
Class org.jetbrains.kotlin.tooling.core.ExtrasPropertyKt$extrasLazyProperty$1         : loaded 2 times (x 94B)
Class org.jetbrains.kotlin.gradle.dsl.PlatformSourceSetConventionsChecker$runChecks$4 : loaded 2 times (x 78B)
Class org.jetbrains.kotlin.gradle.plugin.diagnostics.checkers.JsLikeEnvironmentChecker$runChecks$1: loaded 2 times (x 88B)
Class org.jetbrains.kotlin.gradle.plugin.diagnostics.KotlinToolingDiagnostics$WasmJsEnvironmentNotChosenExplicitly: loaded 2 times (x 73B)
Class org.jetbrains.kotlin.gradle.plugin.diagnostics.UsesKotlinToolingDiagnostics     : loaded 2 times (x 70B)
Class org.jetbrains.kotlin.statistics.metrics.BooleanAnonymizationPolicy$SAFE         : loaded 2 times (x 85B)
Class com.google.common.cache.LocalCache$ComputingValueReference                      : loaded 2 times (x 96B)
Class com.google.common.collect.SingletonImmutableSet                                 : loaded 2 times (x 146B)
Class com.google.common.collect.ImmutableMap$IteratorBasedImmutableMap                : loaded 2 times (x 126B)
Class org.jetbrains.kotlin.gradle.plugin.mpp.compilationImpl.DefaultKotlinCompilationSourceSetsContainer$allKotlinSourceSetsImpl$1$1: loaded 2 times (x 80B)
Class org.jetbrains.kotlin.gradle.plugin.mpp.compilationImpl.DefaultKotlinCompilationSourceSetsContainer: loaded 2 times (x 78B)
Class org.jetbrains.kotlin.konan.target.KonanTarget$TVOS_SIMULATOR_ARM64              : loaded 2 times (x 78B)
Class org.jetbrains.kotlin.konan.target.KonanTarget$Companion                         : loaded 2 times (x 71B)
Class org.jetbrains.kotlin.gradle.plugin.KotlinPluginLifecycle$Stage$Companion        : loaded 2 times (x 71B)
Class org.jetbrains.kotlin.gradle.plugin.diagnostics.checkers.DeprecatedKotlinNativeTargetsChecker: loaded 2 times (x 74B)
Class org.jetbrains.kotlin.gradle.targets.native.ConfigureFrameworkExportSideEffectKt$special$$inlined$KotlinTargetSideEffect$1: loaded 2 times (x 74B)
Class org.jetbrains.kotlin.tooling.core.AbstractExtras                                : loaded 2 times (x 141B)
Class com.google.common.cache.LocalCache$Segment                                      : loaded 2 times (x 154B)
Class Native_plugin_loader_gradle$NativePluginLoader$Companion                        : loaded 2 times (x 71B)
Class org.jetbrains.kotlin.gradle.internal.StdlibDependencyManagementKt$addStdlibDependency$1$1: loaded 2 times (x 79B)
Class org.jetbrains.kotlin.gradle.tasks.configuration.BaseKotlinCompileConfig$2$1     : loaded 2 times (x 75B)
Class org.jetbrains.kotlin.gradle.plugin.diagnostics.TransformActionUsingKotlinToolingDiagnostics: loaded 2 times (x 70B)
Class com.google.common.collect.SortedIterable                                        : loaded 2 times (x 70B)
Class org.jetbrains.kotlin.gradle.dsl.PlatformSourceSetConventionsChecker$runChecks$6 : loaded 2 times (x 88B)
Class org.jetbrains.kotlin.gradle.plugin.sources.DefaultKotlinSourceSet_Decorated     : loaded 2 times (x 192B)
Class org.jetbrains.kotlin.gradle.plugin.mpp.KotlinCompilationsKt                     : loaded 2 times (x 71B)
Class org.jetbrains.kotlin.statistics.metrics.StringOverridePolicy                    : loaded 2 times (x 85B)
Class org.jetbrains.kotlin.gradle.plugin.statistics.DefaultKotlinBuildStatsBeanService: loaded 2 times (x 92B)
Class org.jetbrains.kotlin.gradle.utils.GradleUtilsKt$registerClassLoaderScopedBuildService$1: loaded 2 times (x 74B)
Class com.google.common.collect.AbstractListMultimap                                  : loaded 2 times (x 172B)
Class [Lorg.objectweb.asm.SymbolTable$Entry;                                          : loaded 2 times (x 69B)
Class com.google.common.cache.CacheLoader                                             : loaded 2 times (x 74B)
Class com.google.common.collect.Iterators$4                                           : loaded 2 times (x 82B)
Class com.google.common.collect.ImmutableBiMap                                        : loaded 2 times (x 143B)
Class org.gradle.internal.installation.GradleInstallation$1                           : loaded 2 times (x 75B)
Class org.gradle.api.internal.classpath.ModuleRegistry                                : loaded 2 times (x 70B)
Class org.jetbrains.kotlin.gradle.plugin.KotlinPluginLifecycle$ProjectConfigurationResult: loaded 2 times (x 71B)
Class org.jetbrains.kotlin.gradle.internal.KotlinDependenciesManagementKt$configureDefaultVersionsResolutionStrategy$1: loaded 2 times (x 75B)
Class org.jetbrains.kotlin.gradle.internal.StdlibDependencyManagementKt$configureStdlibDefaultDependency$1: loaded 2 times (x 79B)
Class org.jetbrains.kotlin.gradle.model.builder.KotlinModelBuilder$Companion          : loaded 2 times (x 71B)
Class org.jetbrains.kotlin.gradle.plugin.mpp.compilationImpl.KotlinCreateResourcesTaskSideEffectKt: loaded 2 times (x 71B)
Class org.jetbrains.kotlin.gradle.targets.native.internal.SetupKotlinNativePlatformDependenciesAndStdlibKt: loaded 2 times (x 71B)
Class org.jetbrains.kotlin.gradle.plugin.mpp.KotlinUsages                             : loaded 2 times (x 71B)
Class org.jetbrains.kotlin.gradle.internal.properties.NativePropertiesLoader$Companion: loaded 2 times (x 71B)
Class [Lorg.jetbrains.kotlin.build.report.metrics.GradleBuildPerformanceMetric;       : loaded 2 times (x 69B)
Class org.jetbrains.kotlin.gradle.plugin.statistics.KotlinBuildStatsBeanService$Companion: loaded 2 times (x 71B)
Class org.jetbrains.kotlin.gradle.plugin.statistics.BuildFusService$Companion         : loaded 2 times (x 71B)
Class com.google.common.util.concurrent.internal.InternalFutureFailureAccess          : loaded 2 times (x 72B)
Class com.google.common.collect.Iterators$5                                           : loaded 2 times (x 82B)
Class com.google.common.collect.ImmutableSet$JdkBackedSetBuilderImpl                  : loaded 2 times (x 76B)
Class org.jetbrains.kotlin.gradle.plugin.HasCompilerOptions                           : loaded 2 times (x 70B)
Class org.jetbrains.kotlin.gradle.plugin.mpp.compilationImpl.DefaultKotlinCompilationFriendPathsResolver$FriendArtifactResolver: loaded 2 times (x 70B)
Class org.jetbrains.kotlin.konan.target.KonanTarget$WATCHOS_SIMULATOR_ARM64           : loaded 2 times (x 78B)
Class org.jetbrains.kotlin.gradle.targets.js.ir.KotlinJsIrTarget                      : loaded 2 times (x 254B)
Class org.jetbrains.kotlin.gradle.plugin.mpp.DefaultKotlinUsageContext                : loaded 2 times (x 108B)
Class org.jetbrains.kotlin.gradle.plugin.KotlinPluginLifecycleImpl$start$3            : loaded 2 times (x 79B)
Class org.jetbrains.kotlin.gradle.plugin.KotlinMultiplatformPluginWrapper             : loaded 2 times (x 86B)
Class [Lorg.jetbrains.kotlin.statistics.metrics.BooleanMetrics;                       : loaded 2 times (x 69B)
Class org.jetbrains.kotlin.gradle.internal.properties.PropertiesBuildService$Companion: loaded 2 times (x 71B)
Class com.google.common.cache.LocalCache$LocalManualCache$1                           : loaded 2 times (x 75B)
Class com.google.common.base.CharMatcher$ForPredicate                                 : loaded 2 times (x 112B)
Class build_8qklblgzzegc6bkwj0z77kbz2$_run_closure1                                   : loaded 2 times (x 139B)
Class org.jetbrains.kotlin.gradle.plugin.mpp.compilationImpl.KotlinCompilationConfigurationsContainer: loaded 2 times (x 70B)
Class org.jetbrains.kotlin.gradle.internal.StdlibDependencyManagementKt$addStdlibDependency$1: loaded 2 times (x 75B)
Class [Lorg.jetbrains.kotlin.gradle.plugin.KotlinPluginLifecycle$CoroutineStart;      : loaded 2 times (x 69B)
Class org.jetbrains.kotlin.gradle.dsl.IosSourceSetConventionChecker                   : loaded 2 times (x 74B)
Class org.jetbrains.kotlin.gradle.plugin.diagnostics.KotlinGradleProjectChecker       : loaded 2 times (x 70B)
Class org.jetbrains.kotlin.gradle.plugin.sources.KotlinSourceSetFactory$Companion     : loaded 2 times (x 71B)
Class org.jetbrains.kotlin.gradle.dsl.KotlinMultiplatformSourceSetConventions         : loaded 2 times (x 70B)
Class org.jetbrains.kotlin.statistics.metrics.NumberOverridePolicy$SUM                : loaded 2 times (x 85B)
Class com.google.common.base.CharMatcher$AnyOf                                        : loaded 2 times (x 112B)
Class com.google.common.collect.ImmutableCollection                                   : loaded 2 times (x 125B)
Class org.gradle.api.internal.classpath.DefaultModuleRegistry                         : loaded 2 times (x 86B)
Class org.jetbrains.kotlin.gradle.plugin.mpp.compilationImpl.factory.CompositePostConfigure: loaded 2 times (x 75B)
Class org.jetbrains.kotlin.gradle.targets.native.internal.CInteropConfigurationsKt    : loaded 2 times (x 71B)
Class org.jetbrains.kotlin.gradle.plugin.statistics.BuildFusService$Parameters$Inject : loaded 2 times (x 112B)
Class org.jetbrains.kotlin.build.report.metrics.GradleBuildTime$Companion             : loaded 2 times (x 71B)
Class org.jetbrains.kotlin.statistics.metrics.StatisticsValuesConsumer                : loaded 2 times (x 70B)
Class com.google.common.collect.Lists                                                 : loaded 2 times (x 71B)
Class com.google.common.util.concurrent.ListenableFuture                              : loaded 2 times (x 70B)
Class com.google.common.cache.ReferenceEntry                                          : loaded 2 times (x 70B)
Class com.google.common.base.Converter                                                : loaded 2 times (x 90B)
Class com.google.common.collect.ImmutableSet$CachingAsList                            : loaded 2 times (x 148B)
Class build_2slri9z9az5smn6xobynpfbra$_run_closure1                                   : loaded 2 times (x 139B)
Class org.jetbrains.kotlin.gradle.model.builder.KotlinModelBuilder                    : loaded 2 times (x 76B)
Class [Lorg.jetbrains.kotlin.tooling.core.HasMutableExtras;                           : loaded 2 times (x 69B)
Class org.jetbrains.kotlin.gradle.plugin.diagnostics.checkers.GradleDeprecatedPropertyChecker: loaded 2 times (x 74B)
Class org.jetbrains.kotlin.gradle.artifacts.KotlinJsKlibArtifactKt$KotlinJsKlibArtifact$1: loaded 2 times (x 74B)
Class org.jetbrains.kotlin.gradle.targets.CreateTargetConfigurationsSideEffectKt      : loaded 2 times (x 71B)
Class org.jetbrains.kotlin.gradle.plugin.mpp.ApplyUserDefinedAttributesKt$UserDefinedAttributesSetupAction$1: loaded 2 times (x 95B)
Class org.jetbrains.kotlin.gradle.plugin.mpp.KotlinAndroidTarget                      : loaded 2 times (x 159B)
Class org.jetbrains.kotlin.gradle.plugin.DefaultKotlinBasePlugin$addKotlinCompilerConfiguration$1: loaded 2 times (x 75B)
Class org.jetbrains.kotlin.gradle.plugin.statistics.NonSynchronizedMetricsContainer   : loaded 2 times (x 82B)
Class org.jetbrains.kotlin.gradle.plugin.internal.DefaultCompatibilityConventionRegistrar: loaded 2 times (x 74B)
Class org.jetbrains.kotlin.gradle.plugin.PropertiesProvider                           : loaded 2 times (x 73B)
Class com.google.common.collect.AbstractMapBasedMultimap                              : loaded 2 times (x 139B)
Class com.google.common.util.concurrent.AbstractFuture                                : loaded 2 times (x 106B)
Class com.google.common.base.FunctionalEquivalence                                    : loaded 2 times (x 83B)
Class com.google.common.collect.Iterators$9                                           : loaded 2 times (x 81B)
Class com.google.common.collect.ImmutableAsList                                       : loaded 2 times (x 209B)
Class org.jetbrains.kotlin.gradle.plugin.mpp.MppSourcesJarKt$sourcesJarTask$1         : loaded 2 times (x 95B)
Class org.jetbrains.kotlin.gradle.plugin.mpp.compilationImpl.factory.KotlinCompilationImplFactory$KotlinCompilationOutputFactory: loaded 2 times (x 70B)
Class org.jetbrains.kotlin.konan.target.TargetSupportException                        : loaded 2 times (x 82B)
Class org.jetbrains.kotlin.gradle.plugin.KotlinCompilationToRunnableFiles             : loaded 2 times (x 70B)
Class org.jetbrains.kotlin.gradle.tooling.BuildKotlinToolingMetadataTaskKt            : loaded 2 times (x 71B)
Class org.jetbrains.kotlin.gradle.plugin.ProjectLocalConfigurations$setupAttributesMatchingStrategy$1$1: loaded 2 times (x 74B)
Class org.jetbrains.kotlin.gradle.targets.native.toolchain.KotlinNativeBundleBuildService$Companion$registerIfAbsent$2$1$1: loaded 2 times (x 75B)
Class org.jetbrains.kotlin.statistics.BuildSessionLogger$Companion                    : loaded 2 times (x 71B)
Class org.objectweb.asm.RecordComponentVisitor                                        : loaded 2 times (x 77B)
Class com.google.common.cache.CacheLoader$SupplierToCacheLoader                       : loaded 2 times (x 75B)
Class org.jetbrains.kotlin.gradle.plugin.mpp.MppSourcesJarKt                          : loaded 2 times (x 71B)
Class org.jetbrains.kotlin.compilerRunner.CompilerSystemPropertiesService$Companion$registerIfAbsent$2$1$1: loaded 2 times (x 75B)
Class org.jetbrains.kotlin.gradle.plugin.KotlinCompilationInfo                        : loaded 2 times (x 88B)
Class org.jetbrains.kotlin.tooling.core.ExtrasPropertyKt                              : loaded 2 times (x 71B)
Class org.jetbrains.kotlin.gradle.tasks.BaseKotlinCompile                             : loaded 2 times (x 70B)
Class org.jetbrains.kotlin.gradle.plugin.internal.UsesBuildIdProviderService          : loaded 2 times (x 70B)
Class org.jetbrains.kotlin.gradle.plugin.mpp.compilationImpl.KotlinCompilationSourceSetInclusion$include$1: loaded 2 times (x 79B)
Class org.jetbrains.kotlin.gradle.plugin.mpp.compilationImpl.factory.KotlinCompilationImplFactory$KotlinCompilationDependencyConfigurationsFactory: loaded 2 times (x 70B)
Class org.jetbrains.kotlin.gradle.plugin.KotlinPluginLifecycleCoroutineContextElement$Key: loaded 2 times (x 71B)
Class org.jetbrains.kotlin.gradle.plugin.diagnostics.KotlinToolingDiagnosticsSetupActionKt$KotlinToolingDiagnosticsSetupAction$1: loaded 2 times (x 74B)
Class org.jetbrains.kotlin.gradle.dsl.KotlinProjectExtensionKt                        : loaded 2 times (x 71B)
Class org.jetbrains.kotlin.gradle.plugin.KotlinGradleBuildServices$Parameters_Decorated: loaded 2 times (x 134B)
Class org.jetbrains.kotlin.gradle.plugin.DefaultKotlinBasePlugin$addKotlinCompilerConfiguration$3: loaded 2 times (x 75B)
Class [Lorg.jetbrains.kotlin.statistics.metrics.IMetricContainerFactory;              : loaded 2 times (x 69B)
Class org.jetbrains.kotlin.gradle.internal.IdeaKt                                     : loaded 2 times (x 71B)
Class org.gradle.internal.service.ServiceLookupException                              : loaded 2 times (x 82B)
Class org.jetbrains.kotlin.gradle.plugin.hierarchy.KotlinSourceSetTreeClassifierKt$sourceSetTreeClassifier$2: loaded 2 times (x 78B)
Class com.google.common.collect.ImmutableSortedSet                                    : loaded 2 times (x 300B)
Class org.jetbrains.kotlin.konan.target.HostManager                                   : loaded 2 times (x 72B)
Class org.jetbrains.kotlin.gradle.targets.js.npm.NpmDirectoryDependencyExtension      : loaded 2 times (x 70B)
Class org.jetbrains.kotlin.gradle.plugin.mpp.KotlinUsageContext$MavenScope            : loaded 2 times (x 79B)
Class org.jetbrains.kotlin.gradle.targets.native.KotilnNativeConfigureBinariesSideEffectKt$special$$inlined$KotlinTargetSideEffect$1: loaded 2 times (x 74B)
Class org.jetbrains.kotlin.gradle.plugin.KotlinProjectSetupAction$Companion           : loaded 2 times (x 71B)
Class [Lcom.google.common.cache.LocalCache$EntryFactory;                              : loaded 2 times (x 69B)
Class org.gradle.internal.classloader.ClassLoaderFactory                              : loaded 2 times (x 70B)
Class org.jetbrains.kotlin.gradle.plugin.SubpluginEnvironment                         : loaded 2 times (x 72B)
Class org.jetbrains.kotlin.gradle.internal.StdlibDependencyManagementKt$addStdlibDependency$1$1$1: loaded 2 times (x 75B)
Class com.google.common.base.CommonPattern                                            : loaded 2 times (x 74B)
Class org.jetbrains.kotlin.gradle.plugin.sources.AbstractKotlinSourceSet              : loaded 2 times (x 141B)
Class org.jetbrains.kotlin.gradle.tooling.BuildKotlinToolingMetadataTaskKt$RegisterBuildKotlinToolingMetadataTask$1: loaded 2 times (x 74B)
Class org.jetbrains.kotlin.compilerRunner.GradleCliCommonizerKt$maybeCreateCommonizerClasspathConfiguration$1$1: loaded 2 times (x 75B)
Class [Lorg.jetbrains.kotlin.build.report.metrics.ValueType;                          : loaded 2 times (x 69B)
Class com.google.common.cache.LocalCache$LocalManualCache                             : loaded 2 times (x 99B)
Class com.google.common.base.CharMatcher$IsNot                                        : loaded 2 times (x 111B)
Class org.gradle.internal.service.CachingServiceLocator                               : loaded 2 times (x 82B)
Class org.jetbrains.kotlin.gradle.plugin.KotlinTargetConfiguratorKt$WhenMappings      : loaded 2 times (x 71B)
Class com.google.common.collect.AbstractMapBasedMultimap$KeySet                       : loaded 2 times (x 137B)
Class com.google.common.collect.RegularImmutableSortedSet                             : loaded 2 times (x 300B)
Class org.jetbrains.kotlin.gradle.internal.KotlinTestDependencyManagementKt$configureKotlinTestDependency$1: loaded 2 times (x 79B)
Class org.jetbrains.kotlin.gradle.plugin.diagnostics.checkers.OverriddenKotlinNativeHomeChecker$StdlibExistenceCheckerValueSource$Params_Decorated: loaded 2 times (x 134B)
Class org.jetbrains.kotlin.project.model.LanguageSettings                             : loaded 2 times (x 70B)
Class org.jetbrains.kotlin.gradle.plugin.KotlinPluginLifecycleKt$kotlinPluginLifecycle$2: loaded 2 times (x 78B)
Class org.jetbrains.kotlin.gradle.plugin.statistics.BuildFusService$Companion$registerIfAbsent$1$1: loaded 2 times (x 79B)
Class org.jetbrains.kotlin.gradle.plugin.internal.CompatibilityConventionRegistrar$Factory: loaded 2 times (x 70B)
Class com.google.common.math.IntMath                                                  : loaded 2 times (x 71B)
Class build_8ayw9boupsayls3bammr2ltqy$_run_closure1$_closure3                         : loaded 2 times (x 139B)
Class build_8ayw9boupsayls3bammr2ltqy                                                 : loaded 2 times (x 180B)
Class org.jetbrains.kotlin.gradle.plugin.mpp.InternalKotlinCompilation$DefaultImpls   : loaded 2 times (x 71B)
Class org.jetbrains.kotlin.gradle.plugin.mpp.compilationImpl.KotlinCompilationSourceSetInclusion$DefaultAddSourcesToCompileTask: loaded 2 times (x 74B)
Class org.jetbrains.kotlin.gradle.internal.KotlinTestDependencyManagementKt$configureKotlinTestDependency$2: loaded 2 times (x 75B)
Class org.jetbrains.kotlin.gradle.dsl.PlatformSourceSetConventionsChecker$runChecks$$inlined$CheckedPlatformInfo$default$1: loaded 2 times (x 78B)
Class [Lorg.jetbrains.kotlin.gradle.plugin.KotlinPluginLifecycle$Stage;               : loaded 2 times (x 69B)
Class org.jetbrains.kotlin.gradle.artifacts.KotlinTargetArtifact$Companion            : loaded 2 times (x 71B)
Class org.jetbrains.kotlin.gradle.plugin.mpp.compilationImpl.KotlinCreateLifecycleTasksSideEffectKt$KotlinCreateLifecycleTasksSideEffect$1: loaded 2 times (x 74B)
Class org.jetbrains.kotlin.gradle.dsl.KotlinGradlePluginDsl                           : loaded 2 times (x 70B)
Class org.jetbrains.kotlin.tooling.core.MutableExtras                                 : loaded 2 times (x 70B)
Class org.jetbrains.kotlin.gradle.plugin.KotlinGradleBuildServices$detectKotlinPluginLoadedInMultipleProjects$onRegister$1: loaded 2 times (x 79B)
Class org.jetbrains.kotlin.build.report.metrics.BuildTime                             : loaded 2 times (x 70B)
Class com.google.common.collect.ImmutableMapEntry                                     : loaded 2 times (x 85B)
Class org.jetbrains.kotlin.gradle.tasks.CompileUsingKotlinDaemon                      : loaded 2 times (x 70B)
Class org.jetbrains.kotlin.gradle.plugin.mpp.KotlinWithJavaTarget                     : loaded 2 times (x 160B)
Class org.jetbrains.kotlin.gradle.utils.StoredPropertyKt$extrasStoredProperty$1       : loaded 2 times (x 78B)
Class org.jetbrains.kotlin.gradle.plugin.mpp.compilationImpl.KotlinCreateNativeCompileTasksSideEffectKt$special$$inlined$KotlinCompilationSideEffect$1: loaded 2 times (x 74B)
Class org.jetbrains.kotlin.gradle.targets.KotlinTargetSideEffect$Companion            : loaded 2 times (x 71B)
Class org.jetbrains.kotlin.gradle.dsl.KotlinSingleJavaTargetExtension                 : loaded 2 times (x 124B)
Class org.jetbrains.kotlin.gradle.plugin.KotlinPluginLifecycle$IllegalLifecycleException: loaded 2 times (x 82B)
Class org.jetbrains.kotlin.gradle.internal.properties.NativePropertiesLoader$userProvidedNativeHome$1: loaded 2 times (x 75B)
Class org.jetbrains.kotlin.gradle.plugin.KotlinGradleFinishBuildHandler               : loaded 2 times (x 72B)
Class [Lorg.jetbrains.kotlin.build.report.metrics.BuildPerformanceMetric;             : loaded 2 times (x 69B)
Class org.jetbrains.kotlin.statistics.metrics.StringOverridePolicy$CONCAT             : loaded 2 times (x 85B)
Class org.jetbrains.kotlin.gradle.dsl.KotlinTopLevelExtension                         : loaded 2 times (x 70B)
Class com.google.common.base.Equivalence                                              : loaded 2 times (x 82B)
Class com.google.common.base.Function                                                 : loaded 2 times (x 70B)
Class com.google.common.collect.ImmutableMapEntry$NonTerminalImmutableMapEntry        : loaded 2 times (x 85B)
Class org.jetbrains.kotlin.gradle.plugin.ProjectLocalConfigurationsKt                 : loaded 2 times (x 71B)
Class org.jetbrains.kotlin.gradle.plugin.mpp.compilationImpl.factory.KotlinCompilationImplFactory: loaded 2 times (x 72B)
Class org.jetbrains.kotlin.gradle.internal.KotlinDomApiDependencyManagementKt$addKotlinDomApiDependency$1: loaded 2 times (x 75B)
Class org.jetbrains.kotlin.gradle.plugin.diagnostics.checkers.KotlinTargetAlreadyDeclaredChecker$runChecks$1: loaded 2 times (x 88B)
Class org.jetbrains.kotlin.gradle.plugin.mpp.KotlinTargetWithBinaries                 : loaded 2 times (x 157B)
Class [Lorg.jetbrains.kotlin.gradle.plugin.KotlinSourceSet;                           : loaded 2 times (x 69B)
Class org.jetbrains.kotlin.gradle.plugin.diagnostics.checkers.JsEnvironmentChecker$1  : loaded 2 times (x 78B)
Class org.jetbrains.kotlin.gradle.plugin.diagnostics.KotlinToolingDiagnostics$JsLikeEnvironmentNotChosenExplicitly: loaded 2 times (x 73B)
Class org.jetbrains.kotlin.gradle.utils.StoredLazyProperty$getValue$1                 : loaded 2 times (x 79B)
Class org.jetbrains.kotlin.statistics.metrics.IMetricContainerFactory                 : loaded 2 times (x 70B)
Class org.jetbrains.kotlin.statistics.MetricValueValidationFailed                     : loaded 2 times (x 82B)
Class org.jetbrains.kotlin.gradle.plugin.PropertiesProvider$localProperties$2         : loaded 2 times (x 79B)
Class com.google.common.cache.CacheBuilder$OneWeigher                                 : loaded 2 times (x 82B)
Class com.google.common.collect.RegularImmutableList                                  : loaded 2 times (x 213B)
Class org.jetbrains.kotlin.gradle.tasks.configuration.KaptGenerateStubsConfig         : loaded 2 times (x 72B)
Class org.jetbrains.kotlin.gradle.targets.js.npm.SemVer                               : loaded 2 times (x 75B)
Class org.jetbrains.kotlin.gradle.plugin.diagnostics.checkers.JsEnvironmentChecker$2  : loaded 2 times (x 78B)
Class org.jetbrains.kotlin.gradle.utils.WhenPluginEnabledKt$whenPluginsEnabled$1      : loaded 2 times (x 75B)
Class org.jetbrains.kotlin.gradle.tasks.AbstractKotlinCompileTool                     : loaded 2 times (x 366B)
Class [Lorg.jetbrains.kotlin.gradle.report.BuildReportType;                           : loaded 2 times (x 69B)
Class org.jetbrains.kotlin.gradle.plugin.statistics.KotlinBuildStatsConfiguration     : loaded 2 times (x 72B)
Class org.jetbrains.kotlin.gradle.internal.properties.PropertiesBuildService$localProperties$2: loaded 2 times (x 79B)
Class org.gradle.internal.classloader.ClasspathUtil                                   : loaded 2 times (x 71B)
Class org.jetbrains.kotlin.gradle.dsl.KotlinCompile                                   : loaded 2 times (x 70B)
Class org.jetbrains.kotlin.gradle.plugin.mpp.compilationImpl.DefaultKotlinCompilationFriendPathsResolver$DefaultFriendArtifactResolver: loaded 2 times (x 74B)
Class org.jetbrains.kotlin.gradle.plugin.diagnostics.checkers.InternalGradlePropertiesUsageChecker$runChecks$1: loaded 2 times (x 88B)
Class org.jetbrains.kotlin.gradle.utils.StringUtilsKt$lowerCamelCaseName$1            : loaded 2 times (x 125B)
Class org.jetbrains.kotlin.gradle.plugin.diagnostics.checkers.JsEnvironmentChecker$3  : loaded 2 times (x 78B)
Class org.jetbrains.kotlin.gradle.dsl.JvmTarget$Companion                             : loaded 2 times (x 71B)
Class org.jetbrains.kotlin.gradle.internal.properties.NativePropertiesLoader$downloadFromMaven$1: loaded 2 times (x 75B)
Class org.jetbrains.kotlin.gradle.plugin.internal.DefaultConfigurationCacheStartParameterAccessor_Decorated: loaded 2 times (x 125B)
Class org.jetbrains.kotlin.gradle.plugin.internal.DefaultConfigurationCacheStartParameterAccessor: loaded 2 times (x 77B)
Class org.jetbrains.kotlin.tooling.core.HasExtras                                     : loaded 2 times (x 70B)
Class com.google.common.util.concurrent.Uninterruptibles                              : loaded 2 times (x 71B)
Class build_8ayw9boupsayls3bammr2ltqy$_run_closure1                                   : loaded 2 times (x 139B)
Class org.jetbrains.kotlin.gradle.plugin.sources.DefaultLanguageSettingsBuilder$freeCompilerArgsProvider$1: loaded 2 times (x 95B)
Class org.jetbrains.kotlin.konan.target.HostManager$Companion                         : loaded 2 times (x 71B)
Class org.jetbrains.kotlin.gradle.targets.js.npm.DevNpmDependencyExtension            : loaded 2 times (x 70B)
Class org.jetbrains.kotlin.gradle.plugin.diagnostics.checkers.PreHmppDependenciesUsageChecker: loaded 2 times (x 74B)
Class org.jetbrains.kotlin.gradle.targets.CreateArtifactsSideEffectKt                 : loaded 2 times (x 71B)
Class org.jetbrains.kotlin.gradle.plugin.AbstractKotlinMultiplatformPluginWrapper     : loaded 2 times (x 86B)
Class org.jetbrains.kotlin.gradle.utils.GradleConfigurationUtilsKt$addGradlePluginMetadataAttributes$1: loaded 2 times (x 75B)
Class org.jetbrains.kotlin.gradle.plugin.internal.DefaultProjectIsolationStartParameterAccessor: loaded 2 times (x 77B)
Class com.google.common.util.concurrent.LazyLogger                                    : loaded 2 times (x 72B)
Class com.google.common.collect.Maps                                                  : loaded 2 times (x 71B)
Class org.gradle.api.specs.Spec                                                       : loaded 2 times (x 70B)
Class org.jetbrains.kotlin.gradle.plugin.SubpluginEnvironment$Companion               : loaded 2 times (x 71B)
Class org.jetbrains.kotlin.gradle.plugin.mpp.ApplyUserDefinedAttributesKt$UserDefinedAttributesSetupAction$1$1$3: loaded 2 times (x 75B)
Class org.jetbrains.kotlin.gradle.tasks.configuration.BaseKotlinCompileConfig$Companion: loaded 2 times (x 71B)
Class org.jetbrains.kotlin.gradle.plugin.mpp.compilationImpl.KotlinCompilationImpl$Params: loaded 2 times (x 72B)
Class org.jetbrains.kotlin.konan.target.UtilsKt                                       : loaded 2 times (x 71B)
Class org.jetbrains.kotlin.gradle.tooling.BuildKotlinToolingMetadataTask              : loaded 2 times (x 317B)
Class org.jetbrains.kotlin.gradle.plugin.internal.CompatibilityConventionRegistrarKt  : loaded 2 times (x 71B)
Class org.jetbrains.kotlin.gradle.artifacts.KotlinJvmJarArtifactKt                    : loaded 2 times (x 71B)
Class org.jetbrains.kotlin.gradle.plugin.mpp.compilationImpl.CreateCInteropTasksSideEffectKt$special$$inlined$KotlinCompilationSideEffect$1: loaded 2 times (x 74B)
Class org.jetbrains.kotlin.gradle.plugin.statistics.FinalizeConfigurationFusMetricActionKt: loaded 2 times (x 71B)
Class org.jetbrains.kotlin.gradle.targets.native.toolchain.KotlinNativeBundleBuildService$Companion$registerIfAbsent$2$1: loaded 2 times (x 79B)
Class org.jetbrains.kotlin.build.report.metrics.GradleBuildPerformanceMetric$Companion: loaded 2 times (x 71B)
Class org.jetbrains.kotlin.gradle.plugin.statistics.KotlinBuildStatsBeanService       : loaded 2 times (x 87B)
Class [Lcom.google.common.collect.ImmutableEntry;                                     : loaded 2 times (x 69B)
Class build_8qklblgzzegc6bkwj0z77kbz2                                                 : loaded 2 times (x 180B)
Class org.jetbrains.kotlin.tooling.core.ExtrasLazyProperty                            : loaded 2 times (x 70B)
Class org.jetbrains.kotlin.gradle.internal.properties.NativeProperties$Companion      : loaded 2 times (x 71B)
Class org.jetbrains.kotlin.gradle.utils.StringUtilsKt                                 : loaded 2 times (x 71B)
Class org.jetbrains.kotlin.gradle.targets.ConfigureBuildSideEffectKt$ConfigureBuildSideEffect$1: loaded 2 times (x 74B)
Class org.jetbrains.kotlin.gradle.utils.CompletableFuture                             : loaded 2 times (x 70B)
Class org.jetbrains.kotlin.build.report.metrics.BuildPerformanceMetric                : loaded 2 times (x 70B)
Class [Lorg.jetbrains.kotlin.statistics.metrics.StringOverridePolicy;                 : loaded 2 times (x 69B)
Class com.google.common.cache.LocalCache$LoadingValueReference                        : loaded 2 times (x 96B)
Class com.google.common.base.PairwiseEquivalence                                      : loaded 2 times (x 83B)
Class com.google.common.base.Platform                                                 : loaded 2 times (x 71B)
Class org.jetbrains.kotlin.gradle.plugin.diagnostics.checkers.OverriddenKotlinNativeHomeChecker$StdlibExistenceCheckerValueSource$Params$Inject: loaded 2 times (x 106B)
Class org.jetbrains.kotlin.gradle.plugin.diagnostics.checkers.CommonMainOrTestWithDependsOnChecker: loaded 2 times (x 74B)
Class org.jetbrains.kotlin.gradle.artifacts.KotlinNativeHostSpecificMetadataArtifactKt: loaded 2 times (x 71B)
Class org.jetbrains.kotlin.gradle.plugin.mpp.compilationImpl.KotlinCreateLifecycleTasksSideEffectKt: loaded 2 times (x 71B)
Class org.jetbrains.kotlin.gradle.plugin.KotlinTarget                                 : loaded 2 times (x 70B)
Class org.jetbrains.kotlin.gradle.utils.ConfigurationsKt$createResolvable$1           : loaded 2 times (x 78B)
Class [Lorg.jetbrains.kotlin.statistics.metrics.BooleanAnonymizationPolicy;           : loaded 2 times (x 69B)
Class build_dzit8o6ntpgsav7udw23ydhqf$_run_closure1$_closure3                         : loaded 2 times (x 139B)
Class org.jetbrains.kotlin.gradle.plugin.KotlinGradleBuildServices$Inject             : loaded 2 times (x 100B)
Class org.jetbrains.kotlin.compilerRunner.CompilerSystemPropertiesService$Parameters  : loaded 2 times (x 70B)
Class org.jetbrains.kotlin.gradle.plugin.mpp.compilationImpl.KotlinCompilationSourceSetsContainer: loaded 2 times (x 70B)
Class org.jetbrains.kotlin.gradle.artifacts.KotlinNativeKlibArtifactKt                : loaded 2 times (x 71B)
Class org.jetbrains.kotlin.gradle.plugin.ProjectLocalConfigurations                   : loaded 2 times (x 71B)
Class org.jetbrains.kotlin.gradle.plugin.mpp.KotlinUsages$KotlinUsagesDisambiguation  : loaded 2 times (x 76B)
Class org.jetbrains.kotlin.tooling.core.Extras$Key$Companion                          : loaded 2 times (x 71B)
Class org.jetbrains.kotlin.tooling.core.Extras$Key                                    : loaded 2 times (x 72B)
Class [Lorg.objectweb.asm.AnnotationWriter;                                           : loaded 2 times (x 69B)
Class com.google.common.collect.Maps$8                                                : loaded 2 times (x 82B)
Class build_dzit8o6ntpgsav7udw23ydhqf$_run_closure1                                   : loaded 2 times (x 139B)
Class org.jetbrains.kotlin.gradle.utils.Completable$await$1                           : loaded 2 times (x 88B)
Class com.google.common.collect.ImmutableRangeSet$Builder                             : loaded 2 times (x 77B)
Class [Lcom.google.common.collect.Iterators$EmptyModifiableIterator;                  : loaded 2 times (x 69B)
Class org.jetbrains.kotlin.gradle.plugin.diagnostics.CheckKotlinGradlePluginConfigurationErrors: loaded 2 times (x 319B)
Class org.jetbrains.kotlin.gradle.plugin.sources.DefaultKotlinSourceSetKt             : loaded 2 times (x 71B)
Class org.jetbrains.kotlin.gradle.dsl.KotlinJvmOptions                                : loaded 2 times (x 70B)
Class org.jetbrains.kotlin.gradle.plugin.mpp.HierarchyAttributeContainer$1            : loaded 2 times (x 78B)
Class org.jetbrains.kotlin.gradle.plugin.KotlinPluginLifecycle                        : loaded 2 times (x 70B)
Class org.jetbrains.kotlin.gradle.plugin.KotlinJsPluginWrapper                        : loaded 2 times (x 86B)
Class org.jetbrains.kotlin.gradle.dsl.ToolchainSupport                                : loaded 2 times (x 70B)
Class org.jetbrains.kotlin.tooling.core.Extras                                        : loaded 2 times (x 70B)
Class org.jetbrains.kotlin.gradle.plugin.mpp.InternalKotlinTarget                     : loaded 2 times (x 70B)
Class org.jetbrains.kotlin.statistics.metrics.NumberAnonymizationPolicy$RANDOM_10_PERCENT: loaded 2 times (x 85B)
Class org.jetbrains.kotlin.statistics.metrics.StringMetrics                           : loaded 2 times (x 80B)
Class com.google.common.collect.Sets$SetView                                          : loaded 2 times (x 138B)
Class com.google.common.cache.LocalCache$StrongValueReference                         : loaded 2 times (x 90B)
Class org.jetbrains.kotlin.gradle.plugin.mpp.KotlinTargetSoftwareComponentImpl        : loaded 2 times (x 90B)
Class org.jetbrains.kotlin.gradle.plugin.mpp.DefaultKotlinUsageContext$PublishOnlyIf  : loaded 2 times (x 70B)
Class org.jetbrains.kotlin.gradle.dsl.KotlinCommonCompilerOptionsHelper               : loaded 2 times (x 71B)
Class org.jetbrains.kotlin.gradle.plugin.KotlinJvmPlugin$Companion                    : loaded 2 times (x 71B)
Class org.jetbrains.kotlin.gradle.plugin.diagnostics.KotlinToolingDiagnostics         : loaded 2 times (x 71B)
Class org.jetbrains.kotlin.gradle.artifacts.KotlinMetadataArtifactKt                  : loaded 2 times (x 71B)
Class org.jetbrains.kotlin.gradle.targets.CreateArtifactsSideEffectKt$CreateArtifactsSideEffect$1: loaded 2 times (x 74B)
Class org.jetbrains.kotlin.gradle.internal.properties.PropertiesBuildService$property$1$valueFromGradleAndLocalProperties$1: loaded 2 times (x 75B)
Class org.jetbrains.kotlin.gradle.plugin.KotlinPluginWrapperKt$kotlinToolingVersion$2 : loaded 2 times (x 78B)
Class org.objectweb.asm.Type                                                          : loaded 2 times (x 72B)
Class org.gradle.internal.classloader.VisitableURLClassLoader$InstrumentingVisitableURLClassLoader: loaded 2 times (x 123B)
Class org.jetbrains.kotlin.gradle.plugin.mpp.DefaultKotlinUsageContext$1              : loaded 2 times (x 74B)
Class org.jetbrains.kotlin.gradle.plugin.mpp.compilationImpl.KotlinCompilationImpl$associateWith$2: loaded 2 times (x 79B)
Class org.jetbrains.kotlin.gradle.plugin.hierarchy.KotlinSourceSetTreeClassifier      : loaded 2 times (x 70B)
Class org.jetbrains.kotlin.gradle.plugin.mpp.compilationImpl.KotlinCompilationAssociator: loaded 2 times (x 70B)
Class org.jetbrains.kotlin.konan.target.UtilsKt$evaluatePresetName$1                  : loaded 2 times (x 78B)
Class org.jetbrains.kotlin.gradle.plugin.mpp.KotlinNativeTarget                       : loaded 2 times (x 167B)
Class org.jetbrains.kotlin.gradle.plugin.diagnostics.checkers.KotlinSourceSetTreeDependsOnMismatchChecker$runChecks$1: loaded 2 times (x 88B)
Class org.jetbrains.kotlin.gradle.plugin.diagnostics.checkers.PreHmppDependenciesUsageChecker$runChecks$1: loaded 2 times (x 88B)
Class org.jetbrains.kotlin.gradle.utils.ProjectExtensionsKt                           : loaded 2 times (x 71B)
Class org.jetbrains.kotlin.gradle.plugin.KotlinSourceSetTree$Companion                : loaded 2 times (x 71B)
Class org.jetbrains.kotlin.gradle.plugin.diagnostics.KotlinGradleProjectChecker$Companion: loaded 2 times (x 71B)
Class org.jetbrains.kotlin.gradle.plugin.KotlinGradleBuildServices$Parameters         : loaded 2 times (x 70B)
Class org.jetbrains.kotlin.gradle.plugin.statistics.BuildFusService$Companion$registerIfAbsent$1$1$1: loaded 2 times (x 75B)
Class org.jetbrains.kotlin.statistics.fileloggers.MetricsContainer$Companion          : loaded 2 times (x 71B)
Class org.objectweb.asm.ByteVector                                                    : loaded 2 times (x 79B)
Class [Lcom.google.common.cache.CacheBuilder$NullListener;                            : loaded 2 times (x 69B)
Class com.google.common.math.IntMath$1                                                : loaded 2 times (x 71B)
Class org.gradle.internal.classloader.VisitableURLClassLoader$Spec                    : loaded 2 times (x 74B)
Class org.gradle.internal.classpath.DefaultClassPath                                  : loaded 2 times (x 90B)
Class org.jetbrains.kotlin.gradle.plugin.mpp.KotlinSoftwareComponentKt                : loaded 2 times (x 71B)
Class org.jetbrains.kotlin.gradle.plugin.mpp.compilationImpl.KotlinCompilationSourceSetInclusion$AddSourcesToCompileTask: loaded 2 times (x 70B)
Class org.jetbrains.kotlin.konan.target.Architecture                                  : loaded 2 times (x 79B)
Class [Lorg.jetbrains.kotlin.gradle.plugin.HasProject;                                : loaded 2 times (x 69B)
Class org.jetbrains.kotlin.gradle.utils.MutableObservableSetImpl                      : loaded 2 times (x 163B)
Class org.jetbrains.kotlin.gradle.tasks.KotlinTasksProvider                           : loaded 2 times (x 72B)
Class org.jetbrains.kotlin.gradle.dsl.DefaultToolchainSupport$wireToolchainToTasks$1  : loaded 2 times (x 75B)
Class org.jetbrains.kotlin.gradle.dsl.KotlinCommonCompilerOptions                     : loaded 2 times (x 70B)
Class org.jetbrains.kotlin.gradle.plugin.KotlinJsCompilerTypeHolder                   : loaded 2 times (x 70B)
Class [Lorg.jetbrains.kotlin.build.report.metrics.GradleBuildTime;                    : loaded 2 times (x 69B)
Class org.jetbrains.kotlin.gradle.internal.properties.PropertiesBuildService$MemoizedCallable: loaded 2 times (x 75B)
Class org.objectweb.asm.Symbol                                                        : loaded 2 times (x 73B)
Class org.jetbrains.kotlin.gradle.plugin.cocoapods.KotlinCocoapodsPlugin$Companion    : loaded 2 times (x 71B)
Class org.jetbrains.kotlin.gradle.plugin.mpp.compilationImpl.KotlinCompilationImpl    : loaded 2 times (x 140B)
Class [Lorg.jetbrains.kotlin.gradle.plugin.mpp.compilationImpl.factory.KotlinCompilationImplFactory$PostConfigure;: loaded 2 times (x 69B)
Class org.jetbrains.kotlin.konan.target.KonanTarget$MACOS_X64                         : loaded 2 times (x 78B)
Class org.jetbrains.kotlin.gradle.plugin.KotlinSourceSet$Companion                    : loaded 2 times (x 71B)
Class org.jetbrains.kotlin.konan.util.Named                                           : loaded 2 times (x 70B)
Class [Lorg.jetbrains.kotlin.gradle.report.BuildReportMode;                           : loaded 2 times (x 69B)
Class org.jetbrains.kotlin.statistics.metrics.BooleanOverridePolicy                   : loaded 2 times (x 85B)
Class com.google.common.base.CharMatcher$BitSetMatcher                                : loaded 2 times (x 112B)
Class com.google.common.collect.RegularImmutableMap$Values                            : loaded 2 times (x 207B)
Class com.google.common.collect.ImmutableSet                                          : loaded 2 times (x 145B)
Class org.jetbrains.kotlin.gradle.plugin.AbstractKotlinAndroidPluginWrapper           : loaded 2 times (x 86B)
Class org.gradle.internal.classloader.ClassLoaderSpec                                 : loaded 2 times (x 71B)
Class org.jetbrains.kotlin.gradle.plugin.mpp.KotlinCompilationsKt$moduleNameForCompilation$1: loaded 2 times (x 75B)
Class org.jetbrains.kotlin.gradle.plugin.sources.KotlinDependencyScopeKt              : loaded 2 times (x 71B)
Class org.jetbrains.kotlin.gradle.plugin.diagnostics.TransformActionUsingKotlinToolingDiagnostics$Parameters: loaded 2 times (x 70B)
Class org.jetbrains.kotlin.compilerRunner.CompilerSystemPropertiesService$Companion$registerIfAbsent$2$1: loaded 2 times (x 79B)
Class org.jetbrains.kotlin.gradle.plugin.mpp.KotlinCompilationsKt$addSourcesToKotlinCompileTask$1: loaded 2 times (x 75B)
Class org.jetbrains.kotlin.gradle.internal.KotlinDependenciesManagementKt$configureDefaultVersionsResolutionStrategy$1$1: loaded 2 times (x 75B)
Class org.jetbrains.kotlin.gradle.utils.KotlinExtensionUtilsKt$forAllTargets$1        : loaded 2 times (x 95B)
Class org.jetbrains.kotlin.gradle.plugin.diagnostics.CheckKotlinGradlePluginConfigurationErrorsKt$locateOrRegisterCheckKotlinGradlePluginErrorsTask$taskProvider$1: loaded 2 times (x 75B)
Class org.jetbrains.kotlin.gradle.plugin.diagnostics.checkers.OverriddenKotlinNativeHomeChecker$StdlibExistenceCheckerValueSource$Params: loaded 2 times (x 70B)
Class org.jetbrains.kotlin.gradle.dsl.PlatformSourceSetConventionsChecker$nativeTargetPresets$1$1: loaded 2 times (x 79B)
Class org.jetbrains.kotlin.gradle.tooling.BuildKotlinToolingMetadataTaskKt$buildKotlinToolingMetadataTask$1: loaded 2 times (x 78B)
Class org.jetbrains.kotlin.gradle.internal.Kapt3GradleSubplugin$Companion             : loaded 2 times (x 71B)
Class org.jetbrains.kotlin.gradle.plugin.mpp.compilationImpl.KotlinCreateCompilationArchiveTaskKt$KotlinRegisterCompilationArchiveTasksExtension$1: loaded 2 times (x 74B)
Class [Lorg.jetbrains.kotlin.statistics.metrics.NumberOverridePolicy;                 : loaded 2 times (x 69B)
Class org.jetbrains.kotlin.gradle.internal.properties.PropertiesBuildService$GradleProperty: loaded 2 times (x 70B)
Class org.jetbrains.kotlin.gradle.utils.StoredPropertyKt$projectStoredProperty$1      : loaded 2 times (x 78B)
Class org.objectweb.asm.AnnotationWriter                                              : loaded 2 times (x 79B)
Class com.google.common.cache.CacheStats                                              : loaded 2 times (x 71B)
Class org.jetbrains.kotlin.gradle.plugin.mpp.SyncLanguageSettingsWithKotlinExtensionSetupActionKt$SyncLanguageSettingsWithKotlinExtensionSetupAction$1$1: loaded 2 times (x 75B)
Class org.jetbrains.kotlin.gradle.tasks.configuration.TaskConfigAction$configureTask$1: loaded 2 times (x 79B)
Class org.jetbrains.kotlin.gradle.plugin.diagnostics.checkers.DuplicateSourceSetChecker$runChecks$1: loaded 2 times (x 88B)
Class org.jetbrains.kotlin.gradle.plugin.diagnostics.ToolingDiagnostic$Severity       : loaded 2 times (x 79B)
Class org.jetbrains.kotlin.gradle.dsl.JvmTarget                                       : loaded 2 times (x 79B)
Class org.jetbrains.kotlin.gradle.internal.ClassLoadersCachingBuildService            : loaded 2 times (x 76B)
Class org.jetbrains.kotlin.gradle.plugin.VariantImplementationFactories$Inject        : loaded 2 times (x 106B)
Class org.jetbrains.kotlin.gradle.plugin.VariantImplementationFactoriesConfigurator$Companion: loaded 2 times (x 71B)
Class org.objectweb.asm.RecordComponentWriter                                         : loaded 2 times (x 78B)
Class com.google.common.util.concurrent.AbstractFuture$Listener                       : loaded 2 times (x 72B)
Class com.google.common.base.CharMatcher$Or                                           : loaded 2 times (x 112B)
Class Settings_gradle$1$1                                                             : loaded 2 times (x 74B)
Class org.jetbrains.kotlin.gradle.plugin.mpp.SyncLanguageSettingsWithKotlinExtensionSetupActionKt$SyncLanguageSettingsWithKotlinExtensionSetupAction$1$2: loaded 2 times (x 75B)
Class org.jetbrains.kotlin.gradle.plugin.internal.BuildIdService$Companion            : loaded 2 times (x 71B)
Class org.jetbrains.kotlin.gradle.plugin.diagnostics.checkers.OverriddenKotlinNativeHomeChecker$StdlibExistenceCheckerValueSource$Companion: loaded 2 times (x 71B)
Class org.jetbrains.kotlin.gradle.targets.js.dsl.KotlinWasmSubTargetContainerDsl      : loaded 2 times (x 70B)
Class org.jetbrains.kotlin.gradle.plugin.diagnostics.checkers.WasmWasiEnvironmentChecker$1: loaded 2 times (x 78B)
Class org.jetbrains.kotlin.gradle.plugin.diagnostics.checkers.DisabledCinteropCommonizationInHmppProjectChecker: loaded 2 times (x 74B)
Class org.jetbrains.kotlin.gradle.plugin.diagnostics.checkers.NoKotlinTargetsDeclaredChecker: loaded 2 times (x 74B)
Class org.jetbrains.kotlin.gradle.utils.StoredPropertyStorage                         : loaded 2 times (x 72B)
Class org.jetbrains.kotlin.gradle.plugin.KotlinSourceSetContainer                     : loaded 2 times (x 70B)
Class org.objectweb.asm.Attribute                                                     : loaded 2 times (x 77B)
Class com.google.common.base.Supplier                                                 : loaded 2 times (x 70B)
Class org.gradle.internal.classloader.VisitableURLClassLoader                         : loaded 2 times (x 117B)
Class org.jetbrains.kotlin.gradle.internal.properties.NativePropertiesLoader$isUseXcodeMessageStyleEnabled$1: loaded 2 times (x 75B)
Class org.jetbrains.kotlin.gradle.plugin.statistics.plugins.ObservablePlugins         : loaded 2 times (x 79B)
Class org.jetbrains.kotlin.gradle.plugin.sources.InternalKotlinSourceSetKt$awaitPlatformCompilations$1: loaded 2 times (x 88B)
Class [Lorg.jetbrains.kotlin.gradle.plugin.sources.KotlinDependencyScope;             : loaded 2 times (x 69B)
Class org.jetbrains.kotlin.gradle.tasks.configuration.BaseKotlinCompileConfig$configureCommonParameters$1: loaded 2 times (x 74B)
Class org.jetbrains.kotlin.gradle.plugin.mpp.compilationImpl.factory.ConfigurationNaming: loaded 2 times (x 70B)
Class org.jetbrains.kotlin.gradle.plugin.mpp.compilationImpl.DefaultKotlinCompilationPostConfigureKt: loaded 2 times (x 71B)
Class org.jetbrains.kotlin.konan.target.KonanTarget$WATCHOS_X64                       : loaded 2 times (x 78B)
Class org.jetbrains.kotlin.gradle.plugin.diagnostics.KotlinGradleProjectCheckersRunnerKt: loaded 2 times (x 71B)
Class [Lorg.jetbrains.kotlin.tooling.core.HasExtras;                                  : loaded 2 times (x 69B)
Class org.jetbrains.kotlin.gradle.plugin.diagnostics.checkers.IncorrectCompileOnlyDependenciesChecker: loaded 2 times (x 74B)
Class org.jetbrains.kotlin.gradle.plugin.diagnostics.checkers.WasmWasiEnvironmentChecker$2: loaded 2 times (x 78B)
Class org.jetbrains.kotlin.gradle.dsl.DefaultToolchainSupport$wireToolchainToTasks$1$1: loaded 2 times (x 75B)
Class org.jetbrains.kotlin.gradle.utils.SingleActionPerProject                        : loaded 2 times (x 73B)
Class org.jetbrains.kotlin.gradle.plugin.DefaultKotlinBasePlugin                      : loaded 2 times (x 82B)
Class org.gradle.internal.Cast                                                        : loaded 2 times (x 71B)
Class org.gradle.api.Action                                                           : loaded 2 times (x 70B)
Class [Lorg.jetbrains.kotlin.gradle.plugin.mpp.KotlinUsageContext$MavenScope;         : loaded 2 times (x 69B)
Class org.jetbrains.kotlin.gradle.tasks.configuration.BaseKotlinCompileConfig$configureCommonParameters$2: loaded 2 times (x 75B)
Class org.jetbrains.kotlin.gradle.plugin.mpp.compilationImpl.KotlinCompilationCompilerOptionsFromTargetConfigurator: loaded 2 times (x 74B)
Class com.google.common.base.Strings                                                  : loaded 2 times (x 71B)
Class org.jetbrains.kotlin.gradle.utils.FailuresKt$ideaSyncClasspathModeUtil$1        : loaded 2 times (x 72B)
Class org.jetbrains.kotlin.gradle.plugin.diagnostics.KotlinToolingDiagnosticsCollector$Inject: loaded 2 times (x 96B)
Class org.jetbrains.kotlin.gradle.artifacts.KotlinJsKlibArtifactKt                    : loaded 2 times (x 71B)
Class org.jetbrains.kotlin.gradle.dsl.KotlinTargetContainerWithWasmPresetFunctions    : loaded 2 times (x 70B)
Class org.jetbrains.kotlin.gradle.plugin.GradleUtilsKt                                : loaded 2 times (x 71B)
Class org.jetbrains.kotlin.gradle.internal.properties.PropertiesBuildService          : loaded 2 times (x 76B)
Class com.google.common.collect.Sets                                                  : loaded 2 times (x 71B)
Class org.objectweb.asm.Handler                                                       : loaded 2 times (x 72B)
Class com.google.common.base.Ticker                                                   : loaded 2 times (x 72B)
Class com.google.common.base.CharMatcher$FastMatcher                                  : loaded 2 times (x 111B)
Class org.jetbrains.kotlin.gradle.plugin.KotlinTarget$DefaultImpls                    : loaded 2 times (x 71B)
Class org.jetbrains.kotlin.gradle.plugin.diagnostics.KotlinToolingDiagnosticsCollector: loaded 2 times (x 76B)
Class org.jetbrains.kotlin.gradle.plugin.mpp.compilationImpl.KotlinCreateCompilationArchiveTaskKt: loaded 2 times (x 71B)
Class org.jetbrains.kotlin.tooling.core.MutableExtrasImpl                             : loaded 2 times (x 165B)
Class org.jetbrains.kotlin.gradle.plugin.statistics.KotlinBuildStatsMXBean            : loaded 2 times (x 70B)
Class org.jetbrains.kotlin.gradle.utils.FileUtilsKt                                   : loaded 2 times (x 71B)
Class [Lcom.google.common.cache.LocalCache$Segment;                                   : loaded 2 times (x 69B)
Class [Lcom.google.common.cache.LocalCache$Strength;                                  : loaded 2 times (x 69B)
Class com.google.common.cache.CacheBuilder$1                                          : loaded 2 times (x 85B)
Class com.google.common.base.Predicate                                                : loaded 2 times (x 70B)
Class com.google.common.collect.ImmutableMap                                          : loaded 2 times (x 120B)
Class org.gradle.internal.classpath.DefaultClassPath$ImmutableUniqueList$Builder      : loaded 2 times (x 75B)
Class org.jetbrains.kotlin.gradle.plugin.mpp.KotlinCompilationFactory$DefaultImpls    : loaded 2 times (x 71B)
Class com.google.common.collect.AbstractRangeSet                                      : loaded 2 times (x 114B)
Class org.jetbrains.kotlin.gradle.plugin.diagnostics.checkers.InternalGradlePropertiesUsageChecker: loaded 2 times (x 74B)
Class org.jetbrains.kotlin.gradle.plugin.mpp.compilationImpl.CreateCInteropTasksSideEffectKt: loaded 2 times (x 71B)
Class org.jetbrains.kotlin.gradle.testing.internal.KotlinTestsRegistry$Companion      : loaded 2 times (x 71B)
Class org.jetbrains.kotlin.gradle.dsl.KotlinCommonCompilerToolOptions                 : loaded 2 times (x 70B)
Class org.jetbrains.kotlin.gradle.internal.properties.PropertiesBuildService$Companion$registerIfAbsent$1: loaded 2 times (x 75B)
Class org.jetbrains.kotlin.gradle.plugin.internal.DefaultConfigurationCacheStartParameterAccessorVariantFactory: loaded 2 times (x 76B)
Class com.google.common.cache.LocalCache                                              : loaded 2 times (x 187B)
Class com.google.common.cache.CacheBuilder$2                                          : loaded 2 times (x 79B)
Class com.google.common.base.CharMatcher$NegatedFastMatcher                           : loaded 2 times (x 113B)
Class Build_gradle$inlined$sam$i$org_gradle_api_Action$0                              : loaded 2 times (x 75B)
Class org.jetbrains.kotlin.gradle.plugin.mpp.compilationImpl.DefaultKotlinCompilationSourceSetsContainer$source$1: loaded 2 times (x 79B)
Class org.jetbrains.kotlin.gradle.internal.KotlinTestDependencyManagementKt           : loaded 2 times (x 71B)
Class org.jetbrains.kotlin.konan.target.KonanTarget$ANDROID_X64                       : loaded 2 times (x 78B)
Class [Lorg.jetbrains.kotlin.gradle.plugin.sources.ConsistencyCheck;                  : loaded 2 times (x 69B)
Class org.jetbrains.kotlin.gradle.report.ReportingSettings                            : loaded 2 times (x 72B)
Class org.jetbrains.kotlin.statistics.metrics.StringAnonymizationPolicy$ComponentVersionAnonymizer: loaded 2 times (x 78B)
Class com.google.common.collect.ArrayListMultimap                                     : loaded 2 times (x 172B)
Class com.google.common.cache.CacheBuilder$3                                          : loaded 2 times (x 72B)
Class [Lcom.google.common.collect.AbstractMapEntry;                                   : loaded 2 times (x 69B)
Class com.google.common.collect.ImmutableEntry                                        : loaded 2 times (x 82B)
Class org.jetbrains.kotlin.gradle.plugin.KotlinBasePluginWrapper                      : loaded 2 times (x 86B)
Class org.gradle.api.GradleException                                                  : loaded 2 times (x 82B)
Class org.jetbrains.kotlin.gradle.plugin.diagnostics.KotlinToolingDiagnostics$JsEnvironmentNotChosenExplicitly: loaded 2 times (x 73B)
Class org.jetbrains.kotlin.gradle.plugin.ProjectLocalConfigurations$ProjectLocalCompatibility: loaded 2 times (x 76B)
Class org.jetbrains.kotlin.gradle.dsl.KotlinJvmCompilerOptions                        : loaded 2 times (x 70B)
Class org.jetbrains.kotlin.gradle.plugin.internal.DefaultProjectIsolationStartParameterAccessor$Factory: loaded 2 times (x 76B)
Class com.google.common.collect.CollectPreconditions                                  : loaded 2 times (x 71B)
Class org.jetbrains.kotlin.gradle.plugin.KotlinPluginLifecycleImpl$launch$1           : loaded 2 times (x 79B)
Class org.jetbrains.kotlin.konan.target.HostManager$Companion$targetAliases$2         : loaded 2 times (x 78B)
Class org.jetbrains.kotlin.gradle.utils.Completable                                   : loaded 2 times (x 72B)
Class org.jetbrains.kotlin.gradle.plugin.DefaultKotlinBasePlugin$addKotlinCompilerConfiguration$2$1: loaded 2 times (x 75B)
Class org.jetbrains.kotlin.gradle.plugin.statistics.KotlinBuildStatsServicesRegistry$Companion: loaded 2 times (x 71B)
Class org.jetbrains.kotlin.gradle.plugin.internal.DefaultCompatibilityConventionRegistrar$Factory: loaded 2 times (x 76B)
Class com.google.common.collect.SortedMapDifference                                   : loaded 2 times (x 70B)
Class Build_gradle$1$1                                                                : loaded 2 times (x 78B)
Class org.jetbrains.kotlin.gradle.plugin.diagnostics.checkers.IncorrectCompileOnlyDependenciesChecker$runChecks$1: loaded 2 times (x 88B)
Class org.jetbrains.kotlin.gradle.plugin.mpp.KotlinOnlyTarget                         : loaded 2 times (x 153B)
Class org.jetbrains.kotlin.gradle.targets.js.npm.BaseNpmDependencyExtension           : loaded 2 times (x 70B)
Class org.jetbrains.kotlin.gradle.dsl.KotlinVersion$Companion                         : loaded 2 times (x 71B)
Class org.jetbrains.kotlin.gradle.InternalKotlinGradlePluginApi                       : loaded 2 times (x 70B)
Class org.jetbrains.kotlin.gradle.dsl.DefaultToolchainSupport                         : loaded 2 times (x 76B)
Class org.jetbrains.kotlin.gradle.plugin.internal.CustomPropertiesFileValueSource     : loaded 2 times (x 82B)
Class com.google.common.cache.LocalCache$EntryFactory                                 : loaded 2 times (x 83B)
Class org.jetbrains.kotlin.gradle.plugin.cocoapods.KotlinCocoapodsPlugin              : loaded 2 times (x 76B)
Class org.jetbrains.kotlin.gradle.internal.CompilerOptionsDslHelpersKt                : loaded 2 times (x 71B)
Class org.jetbrains.kotlin.gradle.internal.StdlibDependencyManagementKt$configureStdlibVersionAlignment$1$1: loaded 2 times (x 75B)
Class org.jetbrains.kotlin.gradle.dsl.KotlinProjectExtension$awaitSourceSets$1        : loaded 2 times (x 88B)
Class org.jetbrains.kotlin.gradle.plugin.KotlinPluginLifecycle$CoroutineStart         : loaded 2 times (x 79B)
Class org.jetbrains.kotlin.konan.target.Family                                        : loaded 2 times (x 79B)
Class org.jetbrains.kotlin.gradle.tasks.TasksProviderKt$sam$org_gradle_api_Action$0   : loaded 2 times (x 75B)
Class org.jetbrains.kotlin.gradle.tooling.BuildKotlinToolingMetadataTask$FromKotlinExtension: loaded 2 times (x 317B)
Class org.jetbrains.kotlin.gradle.utils.FailuresKt                                    : loaded 2 times (x 71B)
Class org.jetbrains.kotlin.gradle.targets.native.internal.CInteropConfigurationsKt$special$$inlined$KotlinTargetSideEffect$1: loaded 2 times (x 74B)
Class org.jetbrains.kotlin.gradle.internal.properties.NativePropertiesLoader$konanDataDirProperty$1: loaded 2 times (x 75B)
Class org.jetbrains.kotlin.gradle.plugin.statistics.BuildFusService$Parameters_Decorated: loaded 2 times (x 143B)
Class org.jetbrains.kotlin.gradle.internal.properties.PropertiesBuildService$Params$Inject: loaded 2 times (x 106B)
Class org.jetbrains.kotlin.tooling.core.HasMutableExtras                              : loaded 2 times (x 70B)
Class com.google.common.cache.LocalCache$AbstractReferenceEntry                       : loaded 2 times (x 107B)
Class org.gradle.internal.IoActions                                                   : loaded 2 times (x 71B)
Class org.jetbrains.kotlin.gradle.internal.Kapt3KotlinGradleSubpluginKt               : loaded 2 times (x 71B)
Class org.jetbrains.kotlin.gradle.dsl.KotlinJvmCompile                                : loaded 2 times (x 70B)
Class com.google.common.collect.ImmutableRangeSet$ComplementRanges                    : loaded 2 times (x 207B)
Class org.jetbrains.kotlin.konan.target.KonanTarget$LINUX_ARM32_HFP                   : loaded 2 times (x 78B)
Class org.jetbrains.kotlin.gradle.internal.Kapt3GradleSubplugin                       : loaded 2 times (x 83B)
Class org.jetbrains.kotlin.gradle.plugin.diagnostics.checkers.CInteropInputChecker    : loaded 2 times (x 74B)
Class org.jetbrains.kotlin.gradle.plugin.statistics.FinalizeConfigurationFusMetricActionKt$FinalizeConfigurationFusMetricAction$1: loaded 2 times (x 95B)
Class org.jetbrains.kotlin.gradle.internal.KotlinDependenciesManagementKt$CustomizeKotlinDependenciesSetupAction$1: loaded 2 times (x 74B)
Class org.jetbrains.kotlin.gradle.plugin.KotlinGradlePluginExtensionPointInternal$registeredExtensions$2: loaded 2 times (x 78B)
Class org.jetbrains.kotlin.statistics.metrics.BooleanOverridePolicy$OR                : loaded 2 times (x 85B)
Class org.jetbrains.kotlin.gradle.plugin.UsesVariantImplementationFactories           : loaded 2 times (x 70B)
Class org.objectweb.asm.SymbolTable                                                   : loaded 2 times (x 72B)
Class com.google.common.cache.CacheLoader$InvalidCacheLoadException                   : loaded 2 times (x 82B)
Class com.google.common.collect.ImmutableSet$RegularSetBuilderImpl                    : loaded 2 times (x 77B)
Class org.gradle.internal.classloader.SystemClassLoaderSpec                           : loaded 2 times (x 71B)
Class org.jetbrains.kotlin.gradle.tasks.configuration.BaseKotlinCompileConfig$1$1     : loaded 2 times (x 75B)
Class org.jetbrains.kotlin.gradle.plugin.mpp.compilationImpl.factory.KotlinCompilationImplFactory$PostConfigure: loaded 2 times (x 70B)
Class org.jetbrains.kotlin.gradle.utils.KotlinExtensionUtilsKt                        : loaded 2 times (x 71B)
Class [Lorg.jetbrains.kotlin.konan.util.Named;                                        : loaded 2 times (x 69B)
Class org.jetbrains.kotlin.gradle.plugin.diagnostics.checkers.NoKotlinTargetsDeclaredChecker$runChecks$1: loaded 2 times (x 88B)
Class org.jetbrains.kotlin.gradle.plugin.mpp.AbstractKotlinTarget$kotlinComponents$2  : loaded 2 times (x 79B)
Class org.jetbrains.kotlin.gradle.plugin.KotlinPlatformType$CompatibilityRule         : loaded 2 times (x 76B)
Class org.jetbrains.kotlin.gradle.internal.properties.NativePropertiesLoader$actualNativeHomeDirectory$1: loaded 2 times (x 75B)
Class org.jetbrains.kotlin.gradle.internal.properties.NativePropertiesKt              : loaded 2 times (x 71B)
Class org.jetbrains.kotlin.gradle.plugin.BuildEventsListenerRegistryHolder            : loaded 2 times (x 72B)
Class [Lorg.jetbrains.kotlin.statistics.metrics.BooleanOverridePolicy;                : loaded 2 times (x 69B)
Class org.jetbrains.kotlin.gradle.plugin.internal.CustomPropertiesFileValueSource$Parameters$Inject: loaded 2 times (x 106B)
Class com.google.common.cache.LocalCache$StrongEntry                                  : loaded 2 times (x 108B)
Class com.google.common.util.concurrent.AbstractFuture$TrustedFuture                  : loaded 2 times (x 114B)
Class com.google.common.cache.LoadingCache                                            : loaded 2 times (x 70B)
Class org.jetbrains.kotlin.gradle.plugin.mpp.KotlinTargetSoftwareComponentImplKt$KotlinTargetSoftwareComponent$1: loaded 2 times (x 95B)
Class org.jetbrains.kotlin.gradle.tasks.configuration.BaseKotlinCompileConfig$registerBuildToolsApiTransformations$1: loaded 2 times (x 75B)
Class org.jetbrains.kotlin.gradle.plugin.internal.BuildIdService                      : loaded 2 times (x 76B)
Class org.jetbrains.kotlin.gradle.plugin.mpp.compilationImpl.factory.KotlinCompilationDependencyConfigurationsFactoriesKt: loaded 2 times (x 71B)
Class org.jetbrains.kotlin.gradle.plugin.mpp.compilationImpl.DefaultKotlinCompilationFriendPathsResolver: loaded 2 times (x 75B)
Class org.jetbrains.kotlin.gradle.plugin.diagnostics.checkers.WasmSourceSetsNotFoundChecker$runChecks$1: loaded 2 times (x 88B)
Class org.jetbrains.kotlin.konan.target.KonanTarget$IOS_SIMULATOR_ARM64               : loaded 2 times (x 78B)
Class org.jetbrains.kotlin.gradle.plugin.mpp.compilationImpl.KotlinCreateCompilationArchiveTaskKt$KotlinCreateCompilationArchivesTask$1: loaded 2 times (x 74B)
Class org.jetbrains.kotlin.gradle.dsl.KotlinVersion                                   : loaded 2 times (x 79B)
Class org.jetbrains.kotlin.gradle.internal.properties.NativePropertiesLoader$actualNativeHomeDirectory$2: loaded 2 times (x 74B)
Class org.jetbrains.kotlin.gradle.utils.StoredPropertyKt                              : loaded 2 times (x 71B)
Class org.objectweb.asm.MethodWriter                                                  : loaded 2 times (x 106B)
Class [Lcom.google.common.cache.Weigher;                                              : loaded 2 times (x 69B)
Class com.google.common.collect.RegularImmutableMap$BucketOverflowException           : loaded 2 times (x 82B)
Class org.jetbrains.kotlin.gradle.plugin.sources.KotlinDependencyScope$Companion      : loaded 2 times (x 71B)
Class org.jetbrains.kotlin.gradle.tasks.configuration.BaseKotlinCompileConfig$registerBuildToolsApiTransformations$2: loaded 2 times (x 75B)
Class org.jetbrains.kotlin.gradle.tasks.KotlinJvmCompile                              : loaded 2 times (x 70B)
Class org.jetbrains.kotlin.gradle.plugin.mpp.compilationImpl.KotlinCompilationSourceSetsContainerKt: loaded 2 times (x 71B)
Class org.jetbrains.kotlin.gradle.plugin.KotlinPluginLifecycleKt$launchInStage$1      : loaded 2 times (x 95B)
Class org.jetbrains.kotlin.gradle.targets.NativeForwardImplementationToApiElementsSideEffectKt: loaded 2 times (x 71B)
Class org.jetbrains.kotlin.gradle.internal.properties.NativePropertiesLoader$actualNativeHomeDirectory$3: loaded 2 times (x 75B)
Class org.jetbrains.kotlin.gradle.report.BuildReportMode                              : loaded 2 times (x 79B)
Class org.jetbrains.kotlin.statistics.metrics.StringAnonymizationPolicy$RegexControlled: loaded 2 times (x 79B)
Class org.jetbrains.kotlin.statistics.ValueAnonymizer                                 : loaded 2 times (x 70B)
Class org.jetbrains.kotlin.gradle.plugin.VariantImplementationFactories$Companion$getProvider$2$1$1: loaded 2 times (x 75B)
Class org.jetbrains.kotlin.gradle.plugin.internal.ProjectIsolationStartParameterAccessor$Factory: loaded 2 times (x 70B)
Class org.jetbrains.kotlin.gradle.internal.transforms.BuildToolsApiClasspathEntrySnapshotTransform$Inject1: loaded 2 times (x 113B)
Class org.jetbrains.kotlin.gradle.plugin.mpp.compilationImpl.KotlinCompilationRegisterInSourceSetsConfigurator: loaded 2 times (x 74B)
Class org.jetbrains.kotlin.gradle.plugin.mpp.compilationImpl.factory.DefaultKotlinCompilationTaskNamesContainerFactory: loaded 2 times (x 74B)
Class org.jetbrains.kotlin.gradle.targets.native.internal.CommonizerTasksKt           : loaded 2 times (x 71B)
Class [Lorg.jetbrains.kotlin.gradle.targets.js.npm.NpmDependency$Scope;               : loaded 2 times (x 69B)
Class org.jetbrains.kotlin.gradle.plugin.KotlinCompilerPluginSupportPlugin            : loaded 2 times (x 70B)
Class org.jetbrains.kotlin.gradle.plugin.mpp.AbstractKotlinTarget$components$2        : loaded 2 times (x 79B)
Class org.jetbrains.kotlin.gradle.plugin.mpp.KotlinUsages$setupAttributesMatchingStrategy$1: loaded 2 times (x 74B)
Class org.jetbrains.kotlin.gradle.utils.AndroidPluginIdsKt                            : loaded 2 times (x 71B)
Class com.google.common.collect.RegularImmutableBiMap                                 : loaded 2 times (x 149B)
Class com.google.common.cache.LocalCache$ValueReference                               : loaded 2 times (x 70B)
Class com.google.common.base.CharMatcher$Negated                                      : loaded 2 times (x 113B)
Class com.google.common.base.CharMatcher$Is                                           : loaded 2 times (x 111B)
Class org.jetbrains.kotlin.gradle.plugin.KotlinBasePlugin                             : loaded 2 times (x 70B)
Class com.google.common.base.PatternCompiler                                          : loaded 2 times (x 70B)
Class org.jetbrains.kotlin.gradle.utils.FutureKt                                      : loaded 2 times (x 71B)
Class org.jetbrains.kotlin.gradle.logging.GradleLoggingUtilsKt                        : loaded 2 times (x 71B)
Class com.google.common.util.concurrent.AbstractFuture$Failure                        : loaded 2 times (x 72B)
Class com.google.common.base.Equivalence$Equals                                       : loaded 2 times (x 82B)
Class com.google.common.collect.Hashing                                               : loaded 2 times (x 71B)
Class com.google.common.base.Preconditions                                            : loaded 2 times (x 71B)
Class org.jetbrains.kotlin.gradle.plugin.KotlinAndroidPluginWrapper                   : loaded 2 times (x 86B)
Class [Lorg.jetbrains.kotlin.gradle.dsl.PlatformSourceSetConventionsChecker$CheckedPlatformInfo;: loaded 2 times (x 69B)
Class org.jetbrains.kotlin.gradle.plugin.diagnostics.KotlinGradleProjectCheckerContext: loaded 2 times (x 72B)
Class org.jetbrains.kotlin.gradle.plugin.diagnostics.checkers.DuplicateSourceSetChecker: loaded 2 times (x 74B)
Class org.jetbrains.kotlin.gradle.plugin.diagnostics.ToolingDiagnosticFactory         : loaded 2 times (x 73B)
Class org.jetbrains.kotlin.gradle.targets.KotlinTargetSideEffect                      : loaded 2 times (x 70B)
Class org.jetbrains.kotlin.gradle.plugin.DefaultKotlinBasePlugin$setupAttributeMatchingStrategy$1$1: loaded 2 times (x 79B)
Class org.jetbrains.kotlin.statistics.metrics.NumericalMetrics$Companion              : loaded 2 times (x 71B)
Class [Lorg.jetbrains.kotlin.statistics.metrics.NumberAnonymizationPolicy;            : loaded 2 times (x 69B)
Class org.jetbrains.kotlin.statistics.metrics.NumberOverridePolicy$OVERRIDE           : loaded 2 times (x 85B)
Class org.jetbrains.kotlin.gradle.internal.properties.PropertiesBuildService$property$1: loaded 2 times (x 79B)
Class com.google.common.base.Joiner$1                                                 : loaded 2 times (x 80B)
Class org.objectweb.asm.Label                                                         : loaded 2 times (x 73B)
Class org.objectweb.asm.CurrentFrame                                                  : loaded 2 times (x 73B)
Class org.objectweb.asm.ClassTooLargeException                                        : loaded 2 times (x 83B)
Class com.google.common.base.CharMatcher                                              : loaded 2 times (x 111B)
Class com.google.common.collect.PeekingIterator                                       : loaded 2 times (x 70B)
Class org.jetbrains.kotlin.gradle.tasks.KotlinCompilationTask                         : loaded 2 times (x 70B)
Class org.jetbrains.kotlin.gradle.plugin.mpp.compilationImpl.factory.KotlinCompilationImplFactory$ProcessResourcesTaskNameFactory: loaded 2 times (x 70B)
Class com.google.common.collect.RangeGwtSerializationDependencies                     : loaded 2 times (x 71B)
Class org.jetbrains.kotlin.gradle.internal.properties.PropertiesBuildService$property$2: loaded 2 times (x 79B)
Class org.jetbrains.kotlin.gradle.internal.KotlinDependenciesManagementKt             : loaded 2 times (x 71B)
Class org.jetbrains.kotlin.gradle.plugin.DefaultKotlinBasePlugin$setupAttributeMatchingStrategy$1$2: loaded 2 times (x 79B)
Class org.jetbrains.kotlin.gradle.plugin.statistics.KotlinBuildStatsLoggerService     : loaded 2 times (x 72B)
Class org.jetbrains.kotlin.gradle.plugin.internal.CustomPropertiesFileValueSource$Inject: loaded 2 times (x 113B)
Class com.google.common.base.Joiner$2                                                 : loaded 2 times (x 79B)
Class org.objectweb.asm.Frame                                                         : loaded 2 times (x 73B)
Class org.objectweb.asm.MethodVisitor                                                 : loaded 2 times (x 105B)
Class com.google.common.cache.LocalCache$EntryFactory$1                               : loaded 2 times (x 83B)
Class [Lcom.google.common.cache.RemovalListener;                                      : loaded 2 times (x 69B)
Class com.google.common.base.CharMatcher$NamedFastMatcher                             : loaded 2 times (x 112B)
Class com.google.common.base.CharMatcher$1                                            : loaded 2 times (x 113B)
Class org.jetbrains.kotlin.gradle.plugin.mpp.InternalKotlinTargetKt$special$$inlined$extrasStoredFuture$1: loaded 2 times (x 79B)
Class org.jetbrains.kotlin.tooling.core.ExtrasProperty                                : loaded 2 times (x 70B)
Class org.jetbrains.kotlin.compilerRunner.UsesCompilerSystemPropertiesService         : loaded 2 times (x 70B)
Class org.jetbrains.kotlin.gradle.plugin.mpp.compilationImpl.KotlinCompilationSourceSetInclusion$Companion: loaded 2 times (x 71B)
Class com.google.common.collect.RangeSet                                              : loaded 2 times (x 70B)
Class org.jetbrains.kotlin.konan.target.KonanTarget$WATCHOS_DEVICE_ARM64              : loaded 2 times (x 78B)
Class org.jetbrains.kotlin.gradle.plugin.diagnostics.checkers.MissingNativeStdlibChecker$runChecks$1: loaded 2 times (x 88B)
Class [Lorg.jetbrains.kotlin.gradle.plugin.sources.android.AndroidVariantType;        : loaded 2 times (x 69B)
Class org.jetbrains.kotlin.gradle.plugin.sources.android.AndroidVariantType           : loaded 2 times (x 79B)
Class org.jetbrains.kotlin.gradle.plugin.mpp.KotlinTargetSoftwareComponent            : loaded 2 times (x 89B)
Class org.jetbrains.kotlin.gradle.plugin.mpp.KotlinVariant                            : loaded 2 times (x 101B)
Class org.jetbrains.kotlin.gradle.targets.native.ConfigureFrameworkExportSideEffectKt : loaded 2 times (x 71B)
Class org.jetbrains.kotlin.gradle.utils.WhenPluginEnabledKt                           : loaded 2 times (x 71B)
Class org.jetbrains.kotlin.gradle.plugin.VariantImplementationFactories               : loaded 2 times (x 75B)
Class com.google.common.cache.LocalCache$EntryFactory$2                               : loaded 2 times (x 83B)
Class org.gradle.api.internal.classpath.GlobalCacheRootsProvider                      : loaded 2 times (x 70B)
Class org.jetbrains.kotlin.tooling.core.Extras$Entry$Companion                        : loaded 2 times (x 71B)
Class com.google.common.collect.CollectCollectors                                     : loaded 2 times (x 71B)
Class org.jetbrains.kotlin.gradle.targets.js.dsl.KotlinWasmWasiTargetDsl              : loaded 2 times (x 70B)
Class org.jetbrains.kotlin.gradle.plugin.diagnostics.checkers.DisabledNativeTargetsChecker: loaded 2 times (x 74B)
Class org.jetbrains.kotlin.gradle.plugin.mpp.compilationImpl.KotlinCreateSourcesJarTaskSideEffectKt$KotlinCreateSourcesJarTaskSideEffect$1: loaded 2 times (x 74B)
Class org.jetbrains.kotlin.gradle.internal.CompilerArgumentAware                      : loaded 2 times (x 70B)
Class org.jetbrains.kotlin.gradle.utils.ReportUtilsKt                                 : loaded 2 times (x 71B)
Class org.jetbrains.kotlin.gradle.utils.StoredLazyProperty                            : loaded 2 times (x 75B)
Class org.objectweb.asm.ModuleWriter                                                  : loaded 2 times (x 82B)
Class com.google.common.cache.LocalCache$EntryFactory$3                               : loaded 2 times (x 83B)
Class com.google.common.base.Ticker$1                                                 : loaded 2 times (x 72B)
Class com.google.common.collect.Maps$BiMapConverter                                   : loaded 2 times (x 90B)
Class com.google.common.collect.ImmutableMapEntrySet$RegularEntrySet                  : loaded 2 times (x 152B)
Class build_2slri9z9az5smn6xobynpfbra                                                 : loaded 2 times (x 181B)
Class Native_plugin_loader_gradle$NativePluginLoader                                  : loaded 2 times (x 72B)
Class com.google.common.collect.SetMultimap                                           : loaded 2 times (x 70B)
Class org.jetbrains.kotlin.gradle.dsl.AndroidMainSourceSetConventionsChecker$runChecks$1: loaded 2 times (x 88B)
Class org.jetbrains.kotlin.gradle.plugin.sources.FragmentConsistencyChecks            : loaded 2 times (x 72B)
Class org.jetbrains.kotlin.gradle.plugin.mpp.InternalKotlinTargetComponent            : loaded 2 times (x 93B)
Class org.jetbrains.kotlin.gradle.targets.CreateDefaultTestRunSideEffectKt$special$$inlined$KotlinTargetSideEffect$1: loaded 2 times (x 74B)
Class org.jetbrains.kotlin.gradle.utils.ProviderApiUtilsKt                            : loaded 2 times (x 71B)
Class org.jetbrains.kotlin.gradle.internal.properties.NativePropertiesLoader$forceDisableRunningInProcess$1: loaded 2 times (x 75B)
Class org.jetbrains.kotlin.gradle.utils.PersistentCachesKt                            : loaded 2 times (x 71B)
Class org.jetbrains.kotlin.gradle.internal.tasks.TaskWithLocalState                   : loaded 2 times (x 70B)
Class org.jetbrains.kotlin.gradle.plugin.statistics.KotlinBuildStatisticsUtilsKt      : loaded 2 times (x 71B)
Class org.jetbrains.kotlin.statistics.metrics.BooleanMetrics                          : loaded 2 times (x 80B)
Class org.jetbrains.kotlin.gradle.internal.properties.PropertiesBuildService$Params   : loaded 2 times (x 70B)
Class com.google.common.cache.LocalCache$EntryFactory$4                               : loaded 2 times (x 83B)
Class com.google.common.base.CharMatcher$InRange                                      : loaded 2 times (x 111B)
Class com.google.common.collect.ImmutableSet$Builder                                  : loaded 2 times (x 85B)
Class org.jetbrains.kotlin.gradle.plugin.sources.KotlinDependencyScopeKt$WhenMappings : loaded 2 times (x 71B)
Class org.jetbrains.kotlin.gradle.tasks.K2MultiplatformCompilationTask                : loaded 2 times (x 70B)
Class org.jetbrains.kotlin.gradle.plugin.diagnostics.checkers.OverriddenKotlinNativeHomeChecker$StdlibExistenceCheckerValueSource$Inject: loaded 2 times (x 109B)
Class org.jetbrains.kotlin.gradle.utils.ConfigurationsKt$maybeCreateDependencyScope$1 : loaded 2 times (x 78B)
Class org.jetbrains.kotlin.gradle.plugin.sources.FragmentConsistencyChecks$languageVersionCheck$1: loaded 2 times (x 79B)
Class org.jetbrains.kotlin.gradle.plugin.mpp.DecoratedKotlinCompilation               : loaded 2 times (x 191B)
Class org.jetbrains.kotlin.gradle.plugin.diagnostics.checkers.ExperimentalTryNextUsageChecker: loaded 2 times (x 74B)
Class [Lorg.jetbrains.kotlin.gradle.plugin.diagnostics.ToolingDiagnostic$Severity;    : loaded 2 times (x 69B)
Class [Lorg.jetbrains.kotlin.gradle.plugin.KotlinPlatformType;                        : loaded 2 times (x 69B)
Class org.jetbrains.kotlin.gradle.plugin.statistics.UsesBuildFusService               : loaded 2 times (x 70B)
Class org.jetbrains.kotlin.gradle.plugin.statistics.old.Pre232IdeaKotlinBuildStatsBeanService: loaded 2 times (x 95B)
Class org.jetbrains.kotlin.statistics.metrics.NumberOverridePolicy$AVERAGE            : loaded 2 times (x 85B)
Class org.jetbrains.kotlin.gradle.plugin.VariantImplementationFactories$Parameters$Inject: loaded 2 times (x 106B)
Class com.google.common.cache.LocalCache$EntryFactory$5                               : loaded 2 times (x 83B)
Class org.jetbrains.kotlin.compilerRunner.CompilerSystemPropertiesService$Companion   : loaded 2 times (x 71B)
Class org.jetbrains.kotlin.gradle.plugin.mpp.MppSourcesJarKt$sourcesJarTaskNamed$result$1: loaded 2 times (x 79B)
Class org.jetbrains.kotlin.gradle.tasks.configuration.BaseKotlinCompileConfig$1       : loaded 2 times (x 79B)
Class org.jetbrains.kotlin.gradle.plugin.mpp.compilationImpl.factory.ConfigurationNaming$Default: loaded 2 times (x 75B)
Class org.jetbrains.kotlin.gradle.plugin.mpp.compilationImpl.KotlinCompilationSourceSetInclusion: loaded 2 times (x 72B)
Class org.jetbrains.kotlin.gradle.targets.jvm.KotlinJvmTarget                         : loaded 2 times (x 166B)
Class org.jetbrains.kotlin.gradle.targets.js.dsl.KotlinWasmJsTargetDsl                : loaded 2 times (x 70B)
Class org.jetbrains.kotlin.gradle.plugin.diagnostics.checkers.DisabledNativeTargetsChecker$runChecks$1: loaded 2 times (x 88B)
Class org.jetbrains.kotlin.gradle.plugin.KotlinPluginLifecycleImpl$await$2$1          : loaded 2 times (x 79B)
Class org.jetbrains.kotlin.gradle.plugin.sources.DefaultLanguageSettingsBuilder       : loaded 2 times (x 100B)
Class org.jetbrains.kotlin.gradle.plugin.sources.FragmentConsistencyChecks$languageVersionCheck$2: loaded 2 times (x 78B)
Class org.jetbrains.kotlin.gradle.targets.CreateTargetConfigurationsSideEffectKt$CreateTargetConfigurationsSideEffect$1: loaded 2 times (x 74B)
Class org.jetbrains.kotlin.gradle.dsl.KotlinTargetContainerWithPresetFunctions        : loaded 2 times (x 70B)
Class org.jetbrains.kotlin.gradle.utils.GradleConfigurationUtilsKt                    : loaded 2 times (x 71B)
Class org.jetbrains.kotlin.gradle.plugin.internal.CustomPropertiesFileValueSource$Parameters: loaded 2 times (x 70B)
Class org.jetbrains.kotlin.gradle.plugin.UsesBuildFinishedListenerService             : loaded 2 times (x 70B)
Class com.google.common.cache.LocalCache$EntryFactory$6                               : loaded 2 times (x 83B)
Class org.gradle.internal.installation.CurrentGradleInstallationLocator               : loaded 2 times (x 71B)
Class org.jetbrains.kotlin.gradle.plugin.diagnostics.UsesKotlinToolingDiagnosticsKt   : loaded 2 times (x 71B)
Class org.jetbrains.kotlin.gradle.tasks.configuration.BaseKotlinCompileConfig$2       : loaded 2 times (x 79B)
Class com.google.common.collect.Maps$KeySet                                           : loaded 2 times (x 137B)
Class org.jetbrains.kotlin.konan.target.KonanTarget$IOS_X64                           : loaded 2 times (x 78B)
Class org.jetbrains.kotlin.gradle.plugin.mpp.InternalKotlinCompilation                : loaded 2 times (x 70B)
Class org.jetbrains.kotlin.gradle.utils.WhenEvaluatedKt                               : loaded 2 times (x 71B)
Class org.jetbrains.kotlin.gradle.targets.native.internal.AddKotlinPlatformIntegersSupportLibraryKt: loaded 2 times (x 71B)
Class org.jetbrains.kotlin.gradle.plugin.AbstractKotlinJsPluginWrapper                : loaded 2 times (x 86B)
Class org.jetbrains.kotlin.gradle.plugin.KotlinPluginWrapperKt                        : loaded 2 times (x 71B)
Class com.google.common.cache.LocalCache$EntryFactory$7                               : loaded 2 times (x 83B)
Class com.google.common.collect.ImmutableSet$EmptySetBuilderImpl                      : loaded 2 times (x 76B)
Class com.google.common.collect.ImmutableList                                         : loaded 2 times (x 206B)
Class org.gradle.internal.service.DefaultServiceLocator                               : loaded 2 times (x 83B)
Class org.jetbrains.kotlin.compilerRunner.CompilerSystemPropertiesService$Companion$registerIfAbsent$1: loaded 2 times (x 75B)
Class org.jetbrains.kotlin.util.capitalizeDecapitalize.CapitalizeDecapitalizeKt       : loaded 2 times (x 71B)
Class org.jetbrains.kotlin.gradle.plugin.diagnostics.checkers.WasmJsEnvironmentChecker: loaded 2 times (x 76B)
Class org.jetbrains.kotlin.gradle.plugin.diagnostics.checkers.AndroidPluginWithoutAndroidTargetChecker: loaded 2 times (x 74B)
Class org.jetbrains.kotlin.statistics.metrics.NumberOverridePolicy                    : loaded 2 times (x 85B)
Class org.jetbrains.kotlin.statistics.metrics.StringAnonymizationPolicy$AllowedListAnonymizer$Companion: loaded 2 times (x 71B)
Class org.jetbrains.kotlin.gradle.plugin.internal.DefaultProjectIsolationStartParameterAccessor_Decorated: loaded 2 times (x 125B)
Class org.jetbrains.kotlin.gradle.plugin.internal.ProjectIsolationStartParameterAccessorKt: loaded 2 times (x 71B)
Class org.jetbrains.kotlin.gradle.testing.internal.KotlinTestsRegistry                : loaded 2 times (x 72B)
Class com.google.common.cache.LocalCache$EntryFactory$8                               : loaded 2 times (x 83B)
Class com.google.common.collect.ImmutableSet$SetBuilderImpl                           : loaded 2 times (x 76B)
Class org.gradle.internal.installation.CurrentGradleInstallation                      : loaded 2 times (x 73B)
Class org.jetbrains.kotlin.gradle.plugin.mpp.InternalKotlinCompilationKt$awaitAllKotlinSourceSets$1: loaded 2 times (x 88B)
Class org.jetbrains.kotlin.gradle.plugin.statistics.FusMetrics                        : loaded 2 times (x 70B)
Class org.jetbrains.kotlin.gradle.plugin.sources.DefaultKotlinSourceSet$special$$inlined$Iterable$1: loaded 2 times (x 79B)
Class org.jetbrains.kotlin.gradle.plugin.mpp.compilationImpl.factory.KotlinCompilationImplFactory$KotlinCompilerOptionsFactory$Options: loaded 2 times (x 72B)
Class org.jetbrains.kotlin.gradle.plugin.KotlinCompilation                            : loaded 2 times (x 70B)
Class org.jetbrains.kotlin.gradle.plugin.KotlinTargetConfiguratorKt                   : loaded 2 times (x 71B)
Class org.jetbrains.kotlin.tooling.core.Extras$Type$Companion                         : loaded 2 times (x 71B)
Class com.google.common.cache.CacheLoader$1                                           : loaded 2 times (x 75B)
Class com.google.common.collect.ImmutableList$SubList                                 : loaded 2 times (x 209B)
Class org.gradle.util.internal.GUtil                                                  : loaded 2 times (x 71B)
Class org.jetbrains.kotlin.gradle.plugin.mpp.InternalKotlinTargetKt$isSourcesPublishableFuture$2: loaded 2 times (x 95B)
Class org.jetbrains.kotlin.gradle.plugin.mpp.KotlinCompilationFactory                 : loaded 2 times (x 70B)
Class org.jetbrains.kotlin.gradle.dsl.IosSourceSetConventionChecker$runChecks$1       : loaded 2 times (x 88B)
Class org.jetbrains.kotlin.gradle.plugin.mpp.AbstractKotlinCompilation                : loaded 2 times (x 191B)
Class org.jetbrains.kotlin.gradle.plugin.diagnostics.checkers.UnusedSourceSetsChecker : loaded 2 times (x 74B)
Class org.jetbrains.kotlin.gradle.utils.Future                                        : loaded 2 times (x 70B)
Class org.jetbrains.kotlin.gradle.plugin.statistics.KotlinBuildStatsConfiguration$Companion: loaded 2 times (x 71B)
Class com.google.common.cache.AbstractCache$StatsCounter                              : loaded 2 times (x 70B)
Class org.jetbrains.kotlin.gradle.plugin.mpp.KotlinTargetSoftwareComponentImplKt      : loaded 2 times (x 71B)
Class org.jetbrains.kotlin.gradle.targets.js.dsl.KotlinJsSubTargetContainerDsl        : loaded 2 times (x 70B)
Class org.jetbrains.kotlin.tooling.core.MutableExtrasImpl$Companion                   : loaded 2 times (x 71B)
Class org.jetbrains.kotlin.gradle.plugin.KotlinGradleBuildServices$Companion$registerIfAbsent$1: loaded 2 times (x 75B)
Class org.jetbrains.kotlin.statistics.fileloggers.MetricsContainer                    : loaded 2 times (x 77B)
Class org.jetbrains.kotlin.gradle.plugin.internal.ProjectIsolationStartParameterAccessor: loaded 2 times (x 70B)
Class org.jetbrains.kotlin.gradle.utils.StoredProperty                                : loaded 2 times (x 70B)
Class com.google.common.collect.Iterators$MergingIterator                             : loaded 2 times (x 81B)
Class com.google.common.collect.RegularImmutableSet                                   : loaded 2 times (x 149B)
Class org.gradle.internal.installation.GradleInstallation                             : loaded 2 times (x 75B)
Class org.jetbrains.kotlin.gradle.plugin.mpp.compilationImpl.factory.KotlinCompilationImplFactory$create$1: loaded 2 times (x 75B)
Class org.jetbrains.kotlin.gradle.tasks.KotlinJavaToolchain                           : loaded 2 times (x 70B)
Class org.jetbrains.kotlin.statistics.metrics.BooleanMetrics$Companion                : loaded 2 times (x 71B)
Class org.jetbrains.kotlin.gradle.plugin.internal.CompatibilityConventionRegistrar    : loaded 2 times (x 70B)
Class com.google.common.collect.Iterables                                             : loaded 2 times (x 71B)
Class org.jetbrains.kotlin.gradle.plugin.mpp.KotlinJvmCompilation                     : loaded 2 times (x 200B)
Class org.jetbrains.kotlin.gradle.plugin.KotlinCompilation$Companion                  : loaded 2 times (x 71B)
Class org.jetbrains.kotlin.konan.target.KonanTarget$WATCHOS_ARM64                     : loaded 2 times (x 78B)
Class org.jetbrains.kotlin.konan.target.KonanTarget$MACOS_ARM64                       : loaded 2 times (x 78B)
Class org.jetbrains.kotlin.gradle.plugin.diagnostics.checkers.OverriddenKotlinNativeHomeChecker: loaded 2 times (x 74B)
Class org.jetbrains.kotlin.gradle.artifacts.KotlinJvmJarArtifactKt$KotlinJvmJarArtifact$1: loaded 2 times (x 74B)
Class org.jetbrains.kotlin.gradle.targets.native.SetupEmbedAndSignAppleFrameworkTaskSideEffectKt: loaded 2 times (x 71B)
Class org.jetbrains.kotlin.gradle.plugin.KotlinProjectSetupActionKt$KotlinProjectSetupCoroutine$1: loaded 2 times (x 75B)
Class org.jetbrains.kotlin.gradle.dsl.ToolchainSupport$Companion                      : loaded 2 times (x 71B)
Class org.jetbrains.kotlin.gradle.plugin.KotlinSourceSet                              : loaded 2 times (x 70B)

---------------  S Y S T E M  ---------------

OS:
 Windows 11 , 64 bit Build 26100 (10.0.26100.8115)
OS uptime: 10 days 17:46 hours
Hyper-V role detected

CPU: total 16 (initial active 16) (16 cores per cpu, 2 threads per core) family 25 model 33 stepping 2 microcode 0xa20120a, cx8, cmov, fxsr, ht, mmx, 3dnowpref, sse, sse2, sse3, ssse3, sse4a, sse4.1, sse4.2, popcnt, lzcnt, tsc, tscinvbit, avx, avx2, aes, erms, clmul, bmi1, bmi2, adx, sha, fma, vzeroupper, clflush, clflushopt, hv, rdtscp, rdpid, fsrm, f16c, cet_ss
Processor Information for the first 16 processors :
  Max Mhz: 4200, Current Mhz: 4200, Mhz Limit: 4200

Memory: 4k page, system-wide physical 65447M (1499M free)
TotalPageFile size 184570M (AvailPageFile size 0M)
current process WorkingSet (physical memory assigned to process): 499M, peak: 661M
current process commit charge ("private bytes"): 719M, peak: 1193M

vm_info: OpenJDK 64-Bit Server VM (21.0.10+-14961533-b1163.108) for windows-amd64 JRE (21.0.10+-14961533-b1163.108), built on 2026-03-02T19:58:50Z by "builder" with MS VC++ 16.10 / 16.11 (VS2019)

END.
